Timestamp,Date,Time,Crab Legolas PTS,Crab Legolas PROJ,Crab Legolas WPCT,Two Minute Excadrill PTS,Two Minute Excadrill PROJ,Two Minute Excadrill WPCT,Island of Misfit Boys PTS,Island of Misfit Boys PROJ,Island of Misfit Boys WPCT,Neon Cactus TNF PTS,Neon Cactus TNF PROJ,Neon Cactus TNF WPCT,The Mania PTS,The Mania PROJ,The Mania WPCT,Mean Bean Disappointments PTS,Mean Bean Disappointments PROJ,Mean Bean Disappointments WPCT,NoRtHwEsTeRn WaLk SiGn PTS,NoRtHwEsTeRn WaLk SiGn PROJ,NoRtHwEsTeRn WaLk SiGn WPCT,Sandbaggers PTS,Sandbaggers PROJ,Sandbaggers WPCT,Jake the Dog PTS,Jake the Dog PROJ,Jake the Dog WPCT,Carrie's Quads PTS,Carrie's Quads PROJ,Carrie's Quads WPCT,The Chop Block PTS,The Chop Block PROJ,The Chop Block WPCT,Third Down Syndrome PTS,Third Down Syndrome PROJ,Third Down Syndrome WPCT
1757031857,2025-09-04,17:24:17,0.00,119.74,0.56,0.00,116.99,0.55,0.00,115.08,0.48,0.00,116.71,0.53,0.00,113.56,0.43999999999999995,0.00,113.24,0.42999999999999994,0.00,119.84,0.42999999999999994,10.00,116.94,0.52,0.00,127.65,0.5700000000000001,0.00,113.70,0.47,0.00,120.31,0.5700000000000001,0.00,111.99,0.44999999999999996
1757031918,2025-09-04,17:25:18,0.00,119.74,0.56,0.00,116.99,0.55,0.00,115.08,0.48,0.00,116.71,0.53,0.00,113.56,0.43999999999999995,0.00,113.24,0.42999999999999994,0.00,119.84,0.42999999999999994,10.00,116.94,0.52,0.00,127.65,0.5700000000000001,0.00,113.70,0.47,0.00,120.31,0.5700000000000001,0.00,111.99,0.44999999999999996
1757031977,2025-09-04,17:26:17,0.00,119.74,0.56,0.00,116.99,0.55,0.00,115.08,0.48,0.00,116.71,0.53,0.00,113.56,0.43999999999999995,0.00,113.24,0.42999999999999994,0.00,119.84,0.42999999999999994,10.00,116.94,0.52,0.00,127.65,0.5700000000000001,0.00,113.70,0.47,0.00,120.31,0.5700000000000001,0.00,111.99,0.44999999999999996
1757032037,2025-09-04,17:27:17,0.00,119.74,0.56,0.00,116.99,0.55,0.00,115.08,0.48,0.00,116.71,0.53,0.00,113.56,0.43999999999999995,0.00,113.24,0.42999999999999994,0.00,119.84,0.42999999999999994,10.00,116.94,0.52,0.00,127.65,0.5700000000000001,0.00,113.70,0.47,0.00,120.31,0.5700000000000001,0.00,111.99,0.44999999999999996
1757032097,2025-09-04,17:28:17,0.00,119.74,0.56,0.00,116.99,0.54,0.00,115.08,0.48,0.00,116.71,0.53,0.00,113.56,0.43999999999999995,0.00,113.24,0.42999999999999994,0.00,119.84,0.42999999999999994,10.00,116.94,0.52,0.00,127.65,0.5700000000000001,0.00,113.70,0.47,0.00,120.31,0.5700000000000001,0.00,111.99,0.45999999999999996
1757032157,2025-09-04,17:29:17,0.00,119.74,0.56,0.00,116.99,0.54,0.00,115.08,0.49,1.10,116.71,0.53,0.00,113.56,0.43999999999999995,0.24,113.24,0.42999999999999994,0.00,119.84,0.43999999999999995,10.00,116.94,0.51,0.00,127.65,0.56,0.00,113.70,0.47,0.00,120.31,0.5700000000000001,0.00,111.99,0.45999999999999996
1757032217,2025-09-04,17:30:17,0.00,119.74,0.56,0.00,116.99,0.54,0.00,115.08,0.49,1.10,116.71,0.49,0.00,113.56,0.43999999999999995,1.52,113.24,0.43999999999999995,0.00,119.84,0.43999999999999995,10.00,116.94,0.51,0.00,127.65,0.56,3.70,113.70,0.51,0.00,120.31,0.56,0.00,111.99,0.45999999999999996
1757032277,2025-09-04,17:31:17,0.00,119.74,0.56,0.00,116.99,0.54,0.00,115.08,0.49,1.10,116.71,0.49,0.00,113.56,0.43999999999999995,1.52,113.24,0.43999999999999995,0.00,119.84,0.44999999999999996,10.00,116.94,0.51,0.00,127.65,0.55,3.70,113.70,0.51,0.00,120.31,0.56,0.00,111.99,0.45999999999999996
1757032337,2025-09-04,17:32:17,0.00,119.74,0.56,0.00,116.99,0.54,0.00,115.08,0.54,1.10,116.71,0.49,0.00,113.56,0.43999999999999995,1.52,113.24,0.43999999999999995,0.00,119.84,0.44999999999999996,5.00,116.94,0.45999999999999996,0.00,127.65,0.55,3.70,113.70,0.51,0.00,120.31,0.56,0.00,111.99,0.45999999999999996
1757032397,2025-09-04,17:33:17,0.00,119.74,0.56,0.00,116.99,0.54,0.00,115.08,0.54,1.10,116.71,0.49,0.00,113.56,0.43999999999999995,1.52,113.24,0.43999999999999995,0.00,119.84,0.44999999999999996,5.00,116.94,0.45999999999999996,0.00,127.65,0.55,3.70,113.70,0.51,0.00,120.31,0.56,0.00,111.99,0.45999999999999996
1757032458,2025-09-04,17:34:18,0.00,119.74,0.56,0.00,116.99,0.54,0.00,115.08,0.54,1.10,116.71,0.49,0.00,113.56,0.43999999999999995,1.52,113.24,0.43999999999999995,0.00,119.84,0.44999999999999996,5.00,116.94,0.45999999999999996,0.00,127.65,0.55,3.70,113.70,0.51,0.00,120.31,0.56,0.00,111.99,0.45999999999999996
1757032518,2025-09-04,17:35:18,0.00,119.74,0.56,0.00,116.99,0.54,0.00,115.08,0.54,1.10,116.71,0.49,0.00,113.56,0.43999999999999995,1.52,113.24,0.43999999999999995,0.00,119.84,0.44999999999999996,5.00,116.94,0.45999999999999996,0.00,127.65,0.55,3.70,113.70,0.51,0.00,120.31,0.56,0.00,111.99,0.45999999999999996
1757032577,2025-09-04,17:36:17,0.00,119.74,0.56,0.00,116.99,0.54,0.00,115.08,0.54,1.42,116.71,0.49,0.00,113.56,0.43999999999999995,1.52,113.24,0.43999999999999995,0.00,119.84,0.44999999999999996,5.00,116.94,0.45999999999999996,0.00,127.65,0.55,3.70,113.70,0.51,0.00,120.31,0.56,0.00,111.99,0.45999999999999996
1757032637,2025-09-04,17:37:17,0.00,119.74,0.56,0.00,116.99,0.54,0.00,115.08,0.54,2.12,116.71,0.49,0.00,113.56,0.43999999999999995,1.52,113.24,0.43999999999999995,0.00,119.84,0.44999999999999996,5.00,116.94,0.45999999999999996,0.30,127.65,0.55,3.70,113.70,0.51,0.00,120.31,0.56,0.00,111.99,0.45999999999999996
1757032697,2025-09-04,17:38:17,0.00,119.74,0.56,0.00,116.99,0.54,0.00,115.08,0.54,2.12,116.71,0.49,0.00,113.56,0.43999999999999995,1.52,113.24,0.43999999999999995,0.00,119.84,0.43999999999999995,5.00,116.94,0.45999999999999996,1.90,127.65,0.56,3.70,113.70,0.51,0.00,120.31,0.56,0.00,111.99,0.45999999999999996
1757032757,2025-09-04,17:39:17,0.00,119.74,0.56,0.00,116.99,0.54,0.00,115.08,0.54,2.36,116.71,0.49,0.00,113.56,0.43999999999999995,1.52,113.24,0.42999999999999994,0.00,119.84,0.43999999999999995,5.00,116.94,0.45999999999999996,1.90,127.65,0.56,3.70,113.70,0.51,0.00,120.31,0.5700000000000001,0.00,111.99,0.45999999999999996
1757032817,2025-09-04,17:40:17,0.00,119.76,0.56,0.00,117.00,0.54,0.00,115.08,0.54,3.12,116.71,0.5,0.00,113.56,0.43999999999999995,1.52,113.24,0.42999999999999994,0.00,119.84,0.44999999999999996,5.00,116.94,0.45999999999999996,1.90,127.65,0.55,3.70,113.70,0.5,0.00,120.31,0.5700000000000001,0.00,111.98,0.45999999999999996
1757032877,2025-09-04,17:41:17,0.00,119.74,0.56,0.00,116.99,0.53,0.00,115.08,0.54,3.12,116.71,0.49,0.00,113.56,0.43999999999999995,1.52,113.24,0.42999999999999994,0.00,119.84,0.44999999999999996,5.00,116.94,0.45999999999999996,2.10,127.65,0.55,3.70,113.70,0.51,0.00,120.31,0.5700000000000001,0.00,111.99,0.47
1757032937,2025-09-04,17:42:17,0.00,119.74,0.56,0.00,116.99,0.53,0.00,115.08,0.55,9.52,116.71,0.55,0.00,113.56,0.43999999999999995,1.52,113.24,0.42999999999999994,0.00,119.84,0.44999999999999996,5.00,116.94,0.44999999999999996,2.10,127.65,0.55,3.70,113.70,0.44999999999999996,0.00,120.31,0.5700000000000001,0.00,111.99,0.47
1757032997,2025-09-04,17:43:17,0.00,119.74,0.56,1.00,116.99,0.54,0.00,115.08,0.55,9.52,116.71,0.55,0.00,113.56,0.43999999999999995,1.52,113.24,0.42999999999999994,0.00,119.84,0.44999999999999996,5.00,116.94,0.44999999999999996,2.10,127.65,0.55,3.70,113.70,0.44999999999999996,0.00,120.31,0.5700000000000001,0.00,111.99,0.45999999999999996
1757033060,2025-09-04,17:44:20,0.00,119.74,0.56,1.00,116.99,0.54,0.00,115.08,0.55,9.52,116.71,0.55,0.00,113.56,0.43999999999999995,1.52,113.24,0.42999999999999994,0.00,119.84,0.44999999999999996,5.00,116.94,0.44999999999999996,2.10,127.65,0.55,3.70,113.70,0.44999999999999996,0.00,120.31,0.5700000000000001,0.00,111.99,0.45999999999999996
1757033117,2025-09-04,17:45:17,0.00,119.74,0.56,1.00,116.99,0.54,0.00,115.08,0.55,9.52,116.71,0.55,0.00,113.56,0.43999999999999995,1.52,113.24,0.42999999999999994,0.00,119.84,0.44999999999999996,5.00,116.94,0.44999999999999996,2.10,127.65,0.55,3.70,113.70,0.44999999999999996,0.00,120.31,0.5700000000000001,0.00,111.99,0.45999999999999996
1757033177,2025-09-04,17:46:17,0.00,119.74,0.56,1.00,116.99,0.54,0.00,115.08,0.55,9.52,116.71,0.55,0.00,113.56,0.43999999999999995,1.52,113.24,0.42999999999999994,0.00,119.84,0.44999999999999996,5.00,116.94,0.44999999999999996,2.10,127.65,0.55,3.70,113.70,0.44999999999999996,0.00,120.31,0.5700000000000001,0.00,111.99,0.45999999999999996
1757033237,2025-09-04,17:47:17,0.00,119.74,0.56,1.00,116.99,0.54,0.00,115.08,0.55,9.52,116.71,0.55,0.00,113.56,0.43999999999999995,1.52,113.24,0.42999999999999994,0.00,119.84,0.44999999999999996,5.00,116.94,0.44999999999999996,2.10,127.65,0.55,3.70,113.70,0.44999999999999996,0.00,120.31,0.5700000000000001,0.00,111.99,0.45999999999999996
1757033297,2025-09-04,17:48:17,0.00,119.74,0.56,1.00,116.99,0.54,0.00,115.08,0.55,9.52,116.71,0.55,0.00,113.56,0.43999999999999995,1.52,113.24,0.42999999999999994,0.00,119.84,0.44999999999999996,5.00,116.94,0.44999999999999996,2.10,127.65,0.55,3.70,113.70,0.44999999999999996,0.00,120.31,0.5700000000000001,0.00,111.99,0.45999999999999996
1757033357,2025-09-04,17:49:17,0.00,119.74,0.56,1.00,116.99,0.54,0.00,115.08,0.55,9.52,116.71,0.53,0.00,113.56,0.43999999999999995,2.24,113.24,0.42999999999999994,0.00,119.84,0.45999999999999996,5.00,116.94,0.44999999999999996,2.10,127.65,0.54,6.00,113.70,0.47,0.00,120.31,0.5700000000000001,0.00,111.99,0.45999999999999996
1757033417,2025-09-04,17:50:17,0.00,119.74,0.56,1.00,116.99,0.54,0.00,115.08,0.55,9.56,116.71,0.53,0.00,113.56,0.43999999999999995,2.24,113.24,0.42999999999999994,0.00,119.84,0.45999999999999996,5.00,116.94,0.44999999999999996,2.00,127.65,0.54,6.00,113.70,0.47,0.00,120.31,0.5700000000000001,0.00,111.99,0.45999999999999996
1757033477,2025-09-04,17:51:17,0.00,119.74,0.56,1.00,116.99,0.54,0.00,115.08,0.55,9.56,116.71,0.49,0.00,113.56,0.43999999999999995,3.28,113.24,0.43999999999999995,0.00,119.84,0.47,5.00,116.94,0.44999999999999996,2.00,127.65,0.53,9.10,113.70,0.51,0.00,120.31,0.56,0.00,111.99,0.45999999999999996
1757033537,2025-09-04,17:52:17,0.00,119.74,0.56,1.00,116.99,0.54,0.00,115.08,0.55,9.56,116.71,0.48,0.00,113.56,0.43999999999999995,3.28,113.24,0.42999999999999994,0.00,119.84,0.47,5.00,116.94,0.44999999999999996,2.00,127.65,0.53,9.10,113.70,0.52,0.00,120.31,0.5700000000000001,0.00,111.99,0.45999999999999996
1757033597,2025-09-04,17:53:17,0.00,119.74,0.56,1.00,116.99,0.54,0.00,115.08,0.55,8.76,116.71,0.47,0.00,113.56,0.43999999999999995,3.16,113.24,0.42999999999999994,0.00,119.84,0.48,5.00,116.94,0.44999999999999996,2.00,127.65,0.52,9.10,113.70,0.53,0.00,120.31,0.5700000000000001,0.00,111.99,0.45999999999999996
1757033657,2025-09-04,17:54:17,0.00,119.74,0.56,1.00,116.99,0.54,0.00,115.08,0.55,8.76,116.71,0.47,0.00,113.56,0.43999999999999995,3.16,113.24,0.42999999999999994,0.00,119.84,0.48,5.00,116.94,0.44999999999999996,2.00,127.65,0.52,9.10,113.70,0.53,0.00,120.31,0.5700000000000001,0.00,111.99,0.45999999999999996
1757033718,2025-09-04,17:55:18,0.00,119.74,0.56,1.00,116.99,0.54,0.00,115.08,0.55,8.76,116.71,0.47,0.00,113.56,0.43999999999999995,3.16,113.24,0.42999999999999994,0.00,119.84,0.48,5.00,116.94,0.44999999999999996,2.00,127.65,0.52,9.10,113.70,0.53,0.00,120.31,0.5700000000000001,0.00,111.99,0.45999999999999996
1757033777,2025-09-04,17:56:17,0.00,119.74,0.56,1.00,116.99,0.54,0.00,115.08,0.56,8.76,116.71,0.48,0.00,113.56,0.43999999999999995,3.16,113.24,0.42999999999999994,0.00,119.84,0.49,5.00,116.94,0.43999999999999995,2.00,127.65,0.51,9.10,113.70,0.52,0.00,120.31,0.5700000000000001,0.00,111.99,0.45999999999999996
1757033838,2025-09-04,17:57:18,0.00,119.74,0.56,1.00,116.99,0.54,0.00,115.08,0.56,8.76,116.71,0.48,0.00,113.56,0.43999999999999995,3.16,113.24,0.42999999999999994,0.00,119.84,0.49,5.00,116.94,0.43999999999999995,2.00,127.65,0.51,9.10,113.70,0.52,0.00,120.31,0.5700000000000001,0.00,111.99,0.45999999999999996
1757036142,2025-09-04,18:35:42,0.00,119.74,0.56,2.00,116.99,0.53,0.00,115.08,0.56,21.12,116.71,0.5700000000000001,0.00,113.56,0.43999999999999995,4.22,113.24,0.4,0.00,119.84,0.52,7.00,116.94,0.43999999999999995,6.00,127.65,0.48,9.10,113.70,0.42999999999999994,0.00,120.31,0.6,0.00,111.99,0.47
1757036202,2025-09-04,18:36:42,0.00,119.74,0.56,2.00,116.99,0.53,0.00,115.08,0.56,21.62,116.71,0.58,0.00,113.56,0.43999999999999995,4.22,113.24,0.4,0.00,119.84,0.52,7.00,116.94,0.43999999999999995,6.00,127.65,0.48,9.10,113.70,0.42000000000000004,0.00,120.31,0.6,0.00,111.99,0.47
1757036262,2025-09-04,18:37:42,0.00,119.74,0.56,3.00,116.99,0.53,0.00,115.08,0.56,21.62,116.71,0.58,0.00,113.56,0.43999999999999995,4.22,113.24,0.4,0.00,119.84,0.44999999999999996,7.00,116.94,0.43999999999999995,13.00,127.65,0.55,9.10,113.70,0.42000000000000004,0.00,120.31,0.6,0.00,111.99,0.47
1757036322,2025-09-04,18:38:42,0.00,119.74,0.56,3.00,116.99,0.53,0.00,115.08,0.56,21.62,116.71,0.58,0.00,113.56,0.43999999999999995,4.22,113.24,0.4,0.00,119.84,0.44999999999999996,7.00,116.94,0.43999999999999995,13.00,127.65,0.55,9.10,113.70,0.42000000000000004,0.00,120.31,0.6,0.00,111.99,0.47
1757036382,2025-09-04,18:39:42,0.00,119.74,0.56,3.00,116.99,0.53,0.00,115.08,0.56,21.62,116.71,0.58,0.00,113.56,0.43999999999999995,4.22,113.24,0.4,0.00,119.84,0.44999999999999996,7.00,116.94,0.43999999999999995,13.00,127.65,0.55,9.10,113.70,0.42000000000000004,0.00,120.31,0.6,0.00,111.99,0.47
1757036442,2025-09-04,18:40:42,0.00,119.74,0.56,3.00,116.99,0.53,0.00,115.08,0.56,21.62,116.71,0.58,0.00,113.56,0.43999999999999995,4.22,113.24,0.4,0.00,119.84,0.44999999999999996,7.00,116.94,0.43999999999999995,13.00,127.65,0.55,9.10,113.70,0.42000000000000004,0.00,120.31,0.6,0.00,111.99,0.47
1757036502,2025-09-04,18:41:42,0.00,119.74,0.56,3.00,116.99,0.53,0.00,115.08,0.56,21.62,116.71,0.58,0.00,113.56,0.43999999999999995,4.22,113.24,0.4,0.00,119.84,0.44999999999999996,7.00,116.94,0.43999999999999995,13.00,127.65,0.55,9.10,113.70,0.42000000000000004,0.00,120.31,0.6,0.00,111.99,0.47
1757036562,2025-09-04,18:42:42,0.00,119.74,0.56,3.00,116.99,0.53,0.00,115.08,0.56,21.62,116.71,0.58,0.00,113.56,0.43999999999999995,4.42,113.24,0.4,0.00,119.84,0.44999999999999996,7.00,116.94,0.43999999999999995,13.00,127.65,0.55,9.10,113.70,0.42000000000000004,0.00,120.31,0.6,0.00,111.99,0.47
1757036622,2025-09-04,18:43:42,0.00,119.74,0.56,3.00,116.99,0.53,0.00,115.08,0.56,21.62,116.71,0.58,0.00,113.56,0.43999999999999995,4.62,113.24,0.4,0.00,119.84,0.44999999999999996,7.00,116.94,0.43999999999999995,13.00,127.65,0.55,9.10,113.70,0.42000000000000004,0.00,120.31,0.6,0.00,111.99,0.47
1757036682,2025-09-04,18:44:42,0.00,119.74,0.56,3.00,116.99,0.53,0.00,115.08,0.56,21.62,116.71,0.58,0.00,113.56,0.43999999999999995,4.62,113.24,0.4,0.00,119.84,0.44999999999999996,7.00,116.94,0.43999999999999995,13.00,127.65,0.55,9.10,113.70,0.42000000000000004,0.00,120.31,0.6,0.00,111.99,0.47
1757036742,2025-09-04,18:45:42,0.00,119.74,0.56,3.00,116.99,0.53,0.00,115.08,0.56,23.02,116.71,0.59,0.00,113.56,0.43999999999999995,4.98,113.24,0.41000000000000003,0.00,119.84,0.44999999999999996,7.00,116.94,0.43999999999999995,13.00,127.65,0.55,9.10,113.70,0.41000000000000003,0.00,120.31,0.59,0.00,111.99,0.47
1757036802,2025-09-04,18:46:42,0.00,119.74,0.56,3.00,116.99,0.53,0.00,115.08,0.56,23.02,116.71,0.59,0.00,113.56,0.43999999999999995,4.98,113.24,0.41000000000000003,0.00,119.84,0.44999999999999996,7.00,116.94,0.43999999999999995,13.00,127.65,0.55,9.10,113.70,0.41000000000000003,0.00,120.31,0.59,0.00,111.99,0.47
1757036862,2025-09-04,18:47:42,0.00,119.74,0.56,3.00,116.99,0.53,0.00,115.08,0.56,23.02,116.71,0.5700000000000001,0.00,113.56,0.43999999999999995,5.38,113.24,0.41000000000000003,0.00,119.84,0.44999999999999996,7.00,116.94,0.43999999999999995,13.00,127.65,0.55,10.60,113.70,0.42999999999999994,0.00,120.31,0.59,0.00,111.99,0.47
1757036922,2025-09-04,18:48:42,0.00,119.74,0.56,3.00,116.99,0.53,0.00,115.08,0.52,23.02,116.71,0.5700000000000001,0.00,113.56,0.43999999999999995,5.38,113.24,0.41000000000000003,0.00,119.84,0.44999999999999996,12.00,116.94,0.48,13.00,127.65,0.55,10.60,113.70,0.42999999999999994,0.00,120.31,0.59,0.00,111.99,0.47
1757036985,2025-09-04,18:49:45,0.00,119.74,0.56,3.00,116.99,0.53,0.00,115.08,0.52,23.02,116.71,0.5700000000000001,0.00,113.56,0.43999999999999995,5.38,113.24,0.41000000000000003,0.00,119.84,0.44999999999999996,12.00,116.94,0.48,13.00,127.65,0.55,10.60,113.70,0.42999999999999994,0.00,120.31,0.59,0.00,111.99,0.47
1757037042,2025-09-04,18:50:42,0.00,119.74,0.56,3.00,116.99,0.53,0.00,115.08,0.52,23.02,116.71,0.5700000000000001,0.00,113.56,0.43999999999999995,5.38,113.24,0.41000000000000003,0.00,119.84,0.44999999999999996,12.00,116.94,0.48,13.00,127.65,0.55,10.60,113.70,0.42999999999999994,0.00,120.31,0.59,0.00,111.99,0.47
1757037102,2025-09-04,18:51:42,0.00,119.74,0.56,3.00,116.99,0.53,0.00,115.08,0.52,23.02,116.71,0.5700000000000001,0.00,113.56,0.43999999999999995,5.38,113.24,0.41000000000000003,0.00,119.84,0.44999999999999996,12.00,116.94,0.48,13.00,127.65,0.55,10.60,113.70,0.42999999999999994,0.00,120.31,0.59,0.00,111.99,0.47
1757037162,2025-09-04,18:52:42,0.00,119.74,0.56,3.00,116.99,0.53,0.00,115.08,0.52,23.02,116.71,0.5700000000000001,0.00,113.56,0.43999999999999995,5.38,113.24,0.41000000000000003,0.00,119.84,0.44999999999999996,12.00,116.94,0.48,13.00,127.65,0.55,10.60,113.70,0.42999999999999994,0.00,120.31,0.59,0.00,111.99,0.47
1757037222,2025-09-04,18:53:42,0.00,119.74,0.56,3.00,116.99,0.53,0.00,115.08,0.52,23.02,116.71,0.5700000000000001,0.00,113.56,0.43999999999999995,5.38,113.24,0.41000000000000003,0.00,119.84,0.44999999999999996,12.00,116.94,0.48,13.00,127.65,0.55,10.60,113.70,0.42999999999999994,0.00,120.31,0.59,0.00,111.99,0.47
1757037282,2025-09-04,18:54:42,0.00,119.74,0.56,3.00,116.99,0.53,0.00,115.08,0.52,23.02,116.71,0.5700000000000001,0.00,113.56,0.43999999999999995,5.38,113.24,0.41000000000000003,0.00,119.84,0.44999999999999996,12.00,116.94,0.48,13.00,127.65,0.55,10.60,113.70,0.42999999999999994,0.00,120.31,0.59,0.00,111.99,0.47
1757037342,2025-09-04,18:55:42,0.00,119.74,0.56,3.00,116.99,0.53,0.00,115.08,0.52,23.02,116.71,0.5700000000000001,0.00,113.56,0.43999999999999995,5.38,113.24,0.41000000000000003,0.00,119.84,0.44999999999999996,12.00,116.94,0.48,13.00,127.65,0.55,10.60,113.70,0.42999999999999994,0.00,120.31,0.59,0.00,111.99,0.47
1757037402,2025-09-04,18:56:42,0.00,119.74,0.56,3.00,116.99,0.53,0.00,115.08,0.52,23.02,116.71,0.5700000000000001,0.00,113.56,0.43999999999999995,5.38,113.24,0.41000000000000003,0.00,119.84,0.44999999999999996,12.00,116.94,0.48,13.00,127.65,0.55,10.60,113.70,0.42999999999999994,0.00,120.31,0.59,0.00,111.99,0.47
1757037462,2025-09-04,18:57:42,0.00,119.74,0.56,3.00,116.99,0.53,0.00,115.08,0.52,23.02,116.71,0.5700000000000001,0.00,113.56,0.43999999999999995,5.38,113.24,0.41000000000000003,0.00,119.84,0.44999999999999996,12.00,116.94,0.48,13.00,127.65,0.55,10.60,113.70,0.42999999999999994,0.00,120.31,0.59,0.00,111.99,0.47
1757037522,2025-09-04,18:58:42,0.00,119.74,0.56,3.00,116.99,0.53,0.00,115.08,0.52,23.02,116.71,0.5700000000000001,0.00,113.56,0.43999999999999995,5.38,113.24,0.41000000000000003,0.00,119.84,0.44999999999999996,12.00,116.94,0.48,13.00,127.65,0.55,10.60,113.70,0.42999999999999994,0.00,120.31,0.59,0.00,111.99,0.47
1757037582,2025-09-04,18:59:42,0.00,119.74,0.56,3.00,116.99,0.53,0.00,115.08,0.52,23.02,116.71,0.5700000000000001,0.00,113.56,0.43999999999999995,5.38,113.24,0.41000000000000003,0.00,119.84,0.44999999999999996,12.00,116.94,0.48,13.00,127.65,0.55,10.60,113.70,0.42999999999999994,0.00,120.31,0.59,0.00,111.99,0.47
1757037643,2025-09-04,19:00:43,0.00,119.74,0.56,3.00,116.99,0.53,0.00,115.08,0.52,23.02,116.71,0.5700000000000001,0.00,113.56,0.43999999999999995,5.38,113.24,0.41000000000000003,0.00,119.84,0.44999999999999996,12.00,116.94,0.48,13.00,127.65,0.55,10.60,113.70,0.42999999999999994,0.00,120.31,0.59,0.00,111.99,0.47
1757037702,2025-09-04,19:01:42,0.00,119.74,0.56,3.00,116.99,0.53,0.00,115.08,0.52,23.02,116.71,0.5700000000000001,0.00,113.56,0.43999999999999995,5.38,113.24,0.41000000000000003,0.00,119.84,0.44999999999999996,12.00,116.94,0.48,13.00,127.65,0.55,10.60,113.70,0.42999999999999994,0.00,120.31,0.59,0.00,111.99,0.47
1757037762,2025-09-04,19:02:42,0.00,119.74,0.56,3.00,116.99,0.53,0.00,115.08,0.52,23.02,116.71,0.5700000000000001,0.00,113.56,0.43999999999999995,5.38,113.24,0.41000000000000003,0.00,119.84,0.44999999999999996,12.00,116.94,0.48,13.00,127.65,0.55,10.60,113.70,0.42999999999999994,0.00,120.31,0.59,0.00,111.99,0.47
1757037822,2025-09-04,19:03:42,0.00,119.74,0.56,3.00,116.99,0.53,0.00,115.08,0.52,23.22,116.71,0.58,0.00,113.56,0.43999999999999995,5.38,113.24,0.41000000000000003,0.00,119.84,0.44999999999999996,12.00,116.94,0.48,13.00,127.65,0.55,10.60,113.70,0.42000000000000004,0.00,120.31,0.59,0.00,111.99,0.47
1757037882,2025-09-04,19:04:42,0.00,119.74,0.56,3.00,116.99,0.53,0.00,115.08,0.52,23.58,116.71,0.58,0.00,113.56,0.43999999999999995,5.38,113.24,0.41000000000000003,0.00,119.84,0.45999999999999996,12.00,116.94,0.48,13.00,127.65,0.54,10.60,113.70,0.42000000000000004,0.00,120.31,0.59,0.00,111.99,0.47
1757037942,2025-09-04,19:05:42,0.00,119.74,0.56,3.00,116.99,0.53,0.00,115.08,0.52,23.58,116.71,0.5700000000000001,0.00,113.56,0.43999999999999995,5.38,113.24,0.4,0.00,119.84,0.44999999999999996,12.00,116.94,0.48,14.20,127.65,0.55,10.60,113.70,0.42999999999999994,0.00,120.31,0.6,0.00,111.99,0.47
1757038002,2025-09-04,19:06:42,0.00,119.76,0.56,3.00,117.00,0.53,0.00,115.08,0.52,23.58,116.71,0.5700000000000001,0.00,113.56,0.43999999999999995,5.38,113.24,0.4,0.00,119.84,0.44999999999999996,12.00,116.94,0.48,14.20,127.65,0.55,10.60,113.70,0.42999999999999994,0.00,120.31,0.6,0.00,111.98,0.47
1757038062,2025-09-04,19:07:42,0.00,119.74,0.56,3.00,116.99,0.53,0.00,115.08,0.52,23.58,116.71,0.5700000000000001,0.00,113.56,0.43999999999999995,5.38,113.24,0.4,0.00,119.84,0.45999999999999996,12.00,116.94,0.48,14.20,127.65,0.54,10.60,113.70,0.42999999999999994,0.00,120.31,0.6,0.00,111.99,0.47
1757038123,2025-09-04,19:08:43,0.00,119.74,0.56,3.00,116.99,0.53,0.00,115.08,0.52,23.58,116.71,0.5700000000000001,0.00,113.56,0.43999999999999995,5.38,113.24,0.4,0.00,119.84,0.45999999999999996,12.00,116.94,0.48,14.20,127.65,0.54,10.60,113.70,0.42999999999999994,0.00,120.31,0.6,0.00,111.99,0.47
1757038182,2025-09-04,19:09:42,0.00,119.74,0.56,8.00,116.99,0.5700000000000001,0.00,115.08,0.53,23.74,116.71,0.5700000000000001,0.00,113.56,0.43999999999999995,5.38,113.24,0.39,0.00,119.84,0.47,12.00,116.94,0.47,14.20,127.65,0.53,10.60,113.70,0.42999999999999994,0.00,120.31,0.61,0.00,111.99,0.42999999999999994
1757038242,2025-09-04,19:10:42,0.00,119.74,0.56,8.00,116.99,0.5700000000000001,0.00,115.08,0.53,23.74,116.71,0.5700000000000001,0.00,113.56,0.43999999999999995,5.38,113.24,0.39,0.00,119.84,0.47,12.00,116.94,0.47,14.20,127.65,0.53,10.60,113.70,0.42999999999999994,0.00,120.31,0.61,0.00,111.99,0.42999999999999994
1757038302,2025-09-04,19:11:42,0.00,119.74,0.56,8.00,116.99,0.5700000000000001,0.00,115.08,0.53,23.74,116.71,0.5700000000000001,0.00,113.56,0.43999999999999995,5.38,113.24,0.39,0.00,119.84,0.47,12.00,116.94,0.47,14.20,127.65,0.53,10.60,113.70,0.42999999999999994,0.00,120.31,0.61,0.00,111.99,0.42999999999999994
1757038362,2025-09-04,19:12:42,0.00,119.74,0.56,8.00,116.99,0.5700000000000001,0.00,115.08,0.53,23.74,116.71,0.5700000000000001,0.00,113.56,0.43999999999999995,5.38,113.24,0.39,0.00,119.84,0.47,12.00,116.94,0.47,14.20,127.65,0.53,10.60,113.70,0.42999999999999994,0.00,120.31,0.61,0.00,111.99,0.42999999999999994
1757038422,2025-09-04,19:13:42,0.00,119.74,0.56,8.00,116.99,0.5700000000000001,0.00,115.08,0.53,23.74,116.71,0.5700000000000001,0.00,113.56,0.43999999999999995,5.38,113.24,0.39,0.00,119.84,0.47,12.00,116.94,0.47,14.20,127.65,0.53,10.60,113.70,0.42999999999999994,0.00,120.31,0.61,0.00,111.99,0.42999999999999994
1757038482,2025-09-04,19:14:42,0.00,119.74,0.56,8.00,116.99,0.5700000000000001,0.00,115.08,0.53,23.74,116.71,0.56,0.00,113.56,0.43999999999999995,5.38,113.24,0.39,0.00,119.84,0.48,12.00,116.94,0.47,14.20,127.65,0.52,10.60,113.70,0.43999999999999995,0.00,120.31,0.61,0.00,111.99,0.42999999999999994
1757038542,2025-09-04,19:15:42,0.00,119.04,0.56,8.00,118.10,0.58,0.00,112.49,0.51,23.74,116.67,0.56,0.00,112.41,0.43999999999999995,5.38,113.08,0.4,0.00,118.76,0.49,12.00,115.75,0.49,14.20,126.10,0.51,10.60,113.35,0.43999999999999995,0.00,118.86,0.6,0.00,111.79,0.42000000000000004
1757038602,2025-09-04,19:16:42,0.00,119.74,0.56,8.00,116.99,0.5700000000000001,0.00,115.08,0.53,23.74,116.71,0.56,0.00,113.56,0.43999999999999995,5.38,113.24,0.39,0.00,119.84,0.49,12.00,116.94,0.47,14.20,127.65,0.51,10.60,113.70,0.43999999999999995,0.00,120.31,0.61,0.00,111.99,0.42999999999999994
1757038662,2025-09-04,19:17:42,0.00,119.74,0.56,8.00,116.99,0.5700000000000001,0.00,115.08,0.53,23.74,116.71,0.56,0.00,113.56,0.43999999999999995,5.38,113.24,0.39,0.00,119.84,0.49,12.00,116.94,0.47,14.20,127.65,0.51,10.60,113.70,0.43999999999999995,0.00,120.31,0.61,0.00,111.99,0.42999999999999994
1757038722,2025-09-04,19:18:42,0.00,119.74,0.56,8.00,116.99,0.5700000000000001,0.00,115.08,0.53,23.74,116.71,0.56,0.00,113.56,0.43999999999999995,5.38,113.24,0.39,0.00,119.84,0.49,12.00,116.94,0.47,14.20,127.65,0.51,10.60,113.70,0.43999999999999995,0.00,120.31,0.61,0.00,111.99,0.42999999999999994
1757038782,2025-09-04,19:19:42,0.00,119.74,0.56,8.00,116.99,0.5700000000000001,0.00,115.08,0.53,23.74,116.71,0.56,0.00,113.56,0.43999999999999995,5.38,113.24,0.39,0.00,119.84,0.49,12.00,116.94,0.47,14.20,127.65,0.51,10.60,113.70,0.43999999999999995,0.00,120.31,0.61,0.00,111.99,0.42999999999999994
1757038842,2025-09-04,19:20:42,0.00,119.74,0.56,8.00,116.99,0.5700000000000001,0.00,115.08,0.53,23.74,116.71,0.56,0.00,113.56,0.43999999999999995,5.38,113.24,0.39,0.00,119.84,0.49,12.00,116.94,0.47,14.20,127.65,0.51,10.60,113.70,0.43999999999999995,0.00,120.31,0.61,0.00,111.99,0.42999999999999994
1757038902,2025-09-04,19:21:42,0.00,119.74,0.56,8.00,116.99,0.5700000000000001,0.00,115.08,0.53,23.74,116.71,0.56,0.00,113.56,0.43999999999999995,5.38,113.24,0.39,0.00,119.84,0.49,12.00,116.94,0.47,14.20,127.65,0.51,10.60,113.70,0.43999999999999995,0.00,120.31,0.61,0.00,111.99,0.42999999999999994
1757038962,2025-09-04,19:22:42,0.00,119.74,0.56,8.00,116.99,0.5700000000000001,0.00,115.08,0.53,23.74,116.71,0.56,0.00,113.56,0.43999999999999995,5.38,113.24,0.39,0.00,119.84,0.49,12.00,116.94,0.47,14.20,127.65,0.51,10.60,113.70,0.43999999999999995,0.00,120.31,0.61,0.00,111.99,0.42999999999999994
1757039022,2025-09-04,19:23:42,0.00,119.74,0.56,8.00,116.99,0.5700000000000001,0.00,115.08,0.53,23.74,116.71,0.56,0.00,113.56,0.43999999999999995,5.38,113.24,0.39,0.00,119.84,0.49,12.00,116.94,0.47,14.20,127.65,0.51,10.60,113.70,0.43999999999999995,0.00,120.31,0.61,0.00,111.99,0.42999999999999994
1757039082,2025-09-04,19:24:42,0.00,119.74,0.56,8.00,116.99,0.5700000000000001,0.00,115.08,0.5,23.74,116.71,0.56,0.00,113.56,0.43999999999999995,5.38,113.24,0.39,0.00,119.84,0.5,15.00,116.94,0.5,14.20,127.65,0.5,10.60,113.70,0.43999999999999995,0.00,120.31,0.61,0.00,111.99,0.42999999999999994
1757039142,2025-09-04,19:25:42,0.00,119.74,0.56,8.00,116.99,0.5700000000000001,0.00,115.08,0.5,23.74,116.71,0.56,0.00,113.56,0.43999999999999995,5.38,113.24,0.39,0.00,119.84,0.5,15.00,116.94,0.5,14.20,127.65,0.5,10.60,113.70,0.43999999999999995,0.00,120.31,0.61,0.00,111.99,0.42999999999999994
1757039202,2025-09-04,19:26:42,0.00,119.74,0.56,8.00,116.99,0.5700000000000001,0.00,115.08,0.5,23.74,116.71,0.56,0.00,113.56,0.43999999999999995,5.38,113.24,0.39,0.00,119.84,0.5,15.00,116.94,0.5,14.20,127.65,0.5,10.60,113.70,0.43999999999999995,0.00,120.31,0.61,0.00,111.99,0.42999999999999994
1757039262,2025-09-04,19:27:42,0.00,119.74,0.56,8.00,116.99,0.5700000000000001,0.00,115.08,0.5,23.74,116.71,0.56,0.00,113.56,0.43999999999999995,5.38,113.24,0.39,0.00,119.84,0.5,15.00,116.94,0.5,14.20,127.65,0.5,10.60,113.70,0.43999999999999995,0.00,120.31,0.61,0.00,111.99,0.42999999999999994
1757039322,2025-09-04,19:28:42,0.00,119.74,0.56,8.00,116.99,0.5700000000000001,0.00,115.08,0.5,23.74,116.71,0.56,0.00,113.56,0.43999999999999995,5.38,113.24,0.39,0.00,119.84,0.5,15.00,116.94,0.5,14.20,127.65,0.5,10.60,113.70,0.43999999999999995,0.00,120.31,0.61,0.00,111.99,0.42999999999999994
1757039382,2025-09-04,19:29:42,0.00,119.74,0.56,8.00,116.99,0.5700000000000001,0.00,115.08,0.5,23.74,116.71,0.56,0.00,113.56,0.43999999999999995,5.38,113.24,0.39,0.00,119.84,0.5,15.00,116.94,0.5,14.20,127.65,0.5,10.60,113.70,0.43999999999999995,0.00,120.31,0.61,0.00,111.99,0.42999999999999994
1757039442,2025-09-04,19:30:42,0.00,119.74,0.56,8.00,116.99,0.54,0.00,115.08,0.54,23.74,116.71,0.52,0.00,113.56,0.43999999999999995,5.38,113.24,0.33999999999999997,0.00,119.84,0.59,15.00,116.94,0.45999999999999996,14.20,127.65,0.41000000000000003,10.60,113.70,0.48,0.00,120.31,0.66,0.00,111.99,0.45999999999999996
1757039502,2025-09-04,19:31:42,0.00,119.74,0.56,8.00,116.99,0.54,0.00,115.08,0.54,23.74,116.71,0.52,0.00,113.56,0.43999999999999995,5.38,113.24,0.33999999999999997,0.00,119.84,0.59,15.00,116.94,0.45999999999999996,14.20,127.65,0.41000000000000003,10.60,113.70,0.48,0.00,120.31,0.66,0.00,111.99,0.45999999999999996
1757039562,2025-09-04,19:32:42,0.00,119.74,0.56,8.00,116.99,0.5700000000000001,0.00,115.08,0.5,23.74,116.71,0.56,0.00,113.56,0.43999999999999995,5.38,113.24,0.39,0.00,119.84,0.5,15.00,116.94,0.5,14.20,127.65,0.5,10.60,113.70,0.43999999999999995,0.00,120.31,0.61,0.00,111.99,0.42999999999999994
1757039622,2025-09-04,19:33:42,0.00,119.74,0.56,8.00,116.99,0.54,0.00,115.08,0.54,23.74,116.71,0.52,0.00,113.56,0.43999999999999995,5.38,113.24,0.33999999999999997,0.00,119.84,0.59,15.00,116.94,0.45999999999999996,14.20,127.65,0.41000000000000003,10.60,113.70,0.48,0.00,120.31,0.66,0.00,111.99,0.45999999999999996
1757039683,2025-09-04,19:34:43,0.00,119.74,0.56,8.00,116.99,0.54,0.00,115.08,0.54,23.74,116.71,0.52,0.00,113.56,0.43999999999999995,5.38,113.24,0.33999999999999997,0.00,119.84,0.59,15.00,116.94,0.45999999999999996,14.20,127.65,0.41000000000000003,10.60,113.70,0.48,0.00,120.31,0.66,0.00,111.99,0.45999999999999996
1757041640,2025-09-04,20:07:20,0.00,119.74,0.56,8.00,116.99,0.54,0.00,115.08,0.54,23.74,116.71,0.52,0.00,113.56,0.43999999999999995,5.38,113.24,0.33999999999999997,0.00,119.84,0.59,15.00,116.94,0.45999999999999996,14.20,127.65,0.41000000000000003,10.60,113.70,0.48,0.00,120.31,0.66,0.00,111.99,0.45999999999999996
1757041700,2025-09-04,20:08:20,0.00,119.74,0.56,8.00,116.99,0.54,0.00,115.08,0.54,23.74,116.71,0.52,0.00,113.56,0.43999999999999995,5.38,113.24,0.33999999999999997,0.00,119.84,0.59,15.00,116.94,0.45999999999999996,14.20,127.65,0.41000000000000003,10.60,113.70,0.48,0.00,120.31,0.66,0.00,111.99,0.45999999999999996
1757041760,2025-09-04,20:09:20,0.00,119.74,0.56,8.00,116.99,0.54,0.00,115.08,0.54,23.74,116.71,0.52,0.00,113.56,0.43999999999999995,5.38,113.24,0.33999999999999997,0.00,119.84,0.59,15.00,116.94,0.45999999999999996,14.20,127.65,0.41000000000000003,10.60,113.70,0.48,0.00,120.31,0.66,0.00,111.99,0.45999999999999996
1757041821,2025-09-04,20:10:21,0.00,119.74,0.56,8.00,116.99,0.54,0.00,115.08,0.54,23.74,116.71,0.52,0.00,113.56,0.43999999999999995,5.38,113.24,0.33999999999999997,0.00,119.84,0.59,15.00,116.94,0.45999999999999996,14.20,127.65,0.41000000000000003,10.60,113.70,0.48,0.00,120.31,0.66,0.00,111.99,0.45999999999999996
1757041880,2025-09-04,20:11:20,0.00,119.74,0.56,8.00,116.99,0.5700000000000001,0.00,115.08,0.5,23.74,116.71,0.56,0.00,113.56,0.43999999999999995,5.38,113.24,0.39,0.00,119.84,0.5,15.00,116.94,0.5,14.20,127.65,0.5,10.60,113.70,0.43999999999999995,0.00,120.31,0.61,0.00,111.99,0.42999999999999994
1757041940,2025-09-04,20:12:20,0.00,119.74,0.56,8.00,116.99,0.5700000000000001,0.00,115.08,0.5,23.74,116.71,0.56,0.00,113.56,0.43999999999999995,5.38,113.24,0.39,0.00,119.84,0.5,15.00,116.94,0.5,14.20,127.65,0.5,10.60,113.70,0.43999999999999995,0.00,120.31,0.61,0.00,111.99,0.42999999999999994
1757042000,2025-09-04,20:13:20,0.00,119.74,0.56,8.00,116.99,0.5700000000000001,0.00,115.08,0.5,23.74,116.71,0.56,0.00,113.56,0.43999999999999995,5.38,113.24,0.39,0.00,119.84,0.5,15.00,116.94,0.5,14.20,127.65,0.5,10.60,113.70,0.43999999999999995,0.00,120.31,0.61,0.00,111.99,0.42999999999999994
1757042060,2025-09-04,20:14:20,0.00,119.74,0.56,8.00,116.99,0.5700000000000001,0.00,115.08,0.5,23.74,116.71,0.56,0.00,113.56,0.43999999999999995,5.38,113.24,0.39,0.00,119.84,0.5,15.00,116.94,0.5,14.20,127.65,0.5,10.60,113.70,0.43999999999999995,0.00,120.31,0.61,0.00,111.99,0.42999999999999994
1757042120,2025-09-04,20:15:20,0.00,119.74,0.56,8.00,116.99,0.54,0.00,115.08,0.54,23.74,116.71,0.52,0.00,113.56,0.43999999999999995,5.38,113.24,0.33999999999999997,0.00,119.84,0.59,15.00,116.94,0.45999999999999996,14.20,127.65,0.41000000000000003,10.60,113.70,0.48,0.00,120.31,0.66,0.00,111.99,0.45999999999999996
1757042180,2025-09-04,20:16:20,0.00,119.74,0.56,8.00,116.99,0.54,0.00,115.08,0.54,23.74,116.71,0.52,0.00,113.56,0.43999999999999995,5.38,113.24,0.33999999999999997,0.00,119.84,0.59,15.00,116.94,0.45999999999999996,14.20,127.65,0.41000000000000003,10.60,113.70,0.48,0.00,120.31,0.66,0.00,111.99,0.45999999999999996
1757042240,2025-09-04,20:17:20,0.00,119.74,0.56,8.00,116.99,0.54,0.00,115.08,0.54,23.74,116.71,0.52,0.00,113.56,0.43999999999999995,5.38,113.24,0.33999999999999997,0.00,119.84,0.59,15.00,116.94,0.45999999999999996,14.20,127.65,0.41000000000000003,10.60,113.70,0.48,0.00,120.31,0.66,0.00,111.99,0.45999999999999996
1757042300,2025-09-04,20:18:20,0.00,119.74,0.56,8.00,116.99,0.54,0.00,115.08,0.54,23.74,116.71,0.52,0.00,113.56,0.43999999999999995,5.38,113.24,0.33999999999999997,0.00,119.84,0.59,15.00,116.94,0.45999999999999996,14.20,127.65,0.41000000000000003,10.60,113.70,0.48,0.00,120.31,0.66,0.00,111.99,0.45999999999999996
1757042360,2025-09-04,20:19:20,0.00,119.74,0.56,8.00,116.99,0.54,0.00,115.08,0.54,23.74,116.71,0.52,0.00,113.56,0.43999999999999995,5.38,113.24,0.33999999999999997,0.00,119.84,0.59,15.00,116.94,0.45999999999999996,14.20,127.65,0.41000000000000003,10.60,113.70,0.48,0.00,120.31,0.66,0.00,111.99,0.45999999999999996
1757042420,2025-09-04,20:20:20,0.00,119.74,0.56,8.00,116.99,0.5700000000000001,0.00,115.08,0.5,23.74,116.71,0.56,0.00,113.56,0.43999999999999995,5.38,113.24,0.39,0.00,119.84,0.5,15.00,116.94,0.5,14.20,127.65,0.5,10.60,113.70,0.43999999999999995,0.00,120.31,0.61,0.00,111.99,0.42999999999999994
1757042480,2025-09-04,20:21:20,0.00,119.74,0.56,8.00,116.99,0.5700000000000001,0.00,115.08,0.5,23.74,116.71,0.56,0.00,113.56,0.43999999999999995,5.38,113.24,0.39,0.00,119.84,0.5,15.00,116.94,0.5,14.20,127.65,0.5,10.60,113.70,0.43999999999999995,0.00,120.31,0.61,0.00,111.99,0.42999999999999994
1757042540,2025-09-04,20:22:20,0.00,119.74,0.56,8.00,116.99,0.54,0.00,115.08,0.54,23.74,116.71,0.52,0.00,113.56,0.43999999999999995,5.38,113.24,0.33999999999999997,0.00,119.84,0.59,15.00,116.94,0.45999999999999996,14.20,127.65,0.41000000000000003,10.60,113.70,0.48,0.00,120.31,0.66,0.00,111.99,0.45999999999999996
1757042600,2025-09-04,20:23:20,0.00,119.74,0.56,8.00,116.99,0.54,0.00,115.08,0.54,23.74,116.71,0.52,0.00,113.56,0.43999999999999995,5.38,113.24,0.33999999999999997,0.00,119.84,0.59,15.00,116.94,0.45999999999999996,14.20,127.65,0.41000000000000003,10.60,113.70,0.48,0.00,120.31,0.66,0.00,111.99,0.45999999999999996
1757042660,2025-09-04,20:24:20,0.00,119.74,0.56,8.00,116.99,0.54,0.00,115.08,0.54,23.74,116.71,0.52,0.00,113.56,0.43999999999999995,5.38,113.24,0.33999999999999997,0.00,119.84,0.59,15.00,116.94,0.45999999999999996,14.20,127.65,0.41000000000000003,10.60,113.70,0.48,0.00,120.31,0.66,0.00,111.99,0.45999999999999996
1757042720,2025-09-04,20:25:20,0.00,119.74,0.56,8.00,116.99,0.54,0.00,115.08,0.54,23.74,116.71,0.52,0.00,113.56,0.43999999999999995,5.38,113.24,0.33999999999999997,0.00,119.84,0.59,15.00,116.94,0.45999999999999996,14.20,127.65,0.41000000000000003,10.60,113.70,0.48,0.00,120.31,0.66,0.00,111.99,0.45999999999999996
1757042780,2025-09-04,20:26:20,0.00,119.74,0.56,8.00,116.99,0.54,0.00,115.08,0.54,23.74,116.71,0.52,0.00,113.56,0.43999999999999995,5.38,113.24,0.33999999999999997,0.00,119.84,0.59,15.00,116.94,0.45999999999999996,14.20,127.65,0.41000000000000003,10.60,113.70,0.48,0.00,120.31,0.66,0.00,111.99,0.45999999999999996
1757042840,2025-09-04,20:27:20,0.00,119.74,0.56,8.00,116.99,0.54,0.00,115.08,0.54,23.74,116.71,0.52,0.00,113.56,0.43999999999999995,5.38,113.24,0.33999999999999997,0.00,119.84,0.59,15.00,116.94,0.45999999999999996,14.20,127.65,0.41000000000000003,10.60,113.70,0.48,0.00,120.31,0.66,0.00,111.99,0.45999999999999996
1757042900,2025-09-04,20:28:20,0.00,119.74,0.56,8.00,116.99,0.54,0.00,115.08,0.54,23.74,116.71,0.52,0.00,113.56,0.43999999999999995,5.38,113.24,0.33999999999999997,0.00,119.84,0.59,15.00,116.94,0.45999999999999996,14.20,127.65,0.41000000000000003,10.60,113.70,0.48,0.00,120.31,0.66,0.00,111.99,0.45999999999999996
1757042960,2025-09-04,20:29:20,0.00,119.74,0.56,8.00,116.99,0.54,0.00,115.08,0.54,23.74,116.71,0.52,0.00,113.56,0.43999999999999995,5.38,113.24,0.33999999999999997,0.00,119.84,0.59,15.00,116.94,0.45999999999999996,14.20,127.65,0.41000000000000003,10.60,113.70,0.48,0.00,120.31,0.66,0.00,111.99,0.45999999999999996
1757043020,2025-09-04,20:30:20,0.00,119.74,0.56,8.00,116.99,0.5700000000000001,0.00,115.08,0.5,23.74,116.71,0.56,0.00,113.56,0.43999999999999995,5.38,113.24,0.39,0.00,119.84,0.5,15.00,116.94,0.5,14.10,127.65,0.5,10.60,113.70,0.43999999999999995,0.00,120.31,0.61,0.00,111.99,0.42999999999999994
1757043080,2025-09-04,20:31:20,0.00,119.74,0.56,8.00,116.99,0.56,0.00,115.08,0.51,23.74,116.71,0.56,0.00,113.56,0.43999999999999995,5.38,113.24,0.38,0.00,119.84,0.5,15.00,116.94,0.49,14.10,127.65,0.5,10.60,113.70,0.43999999999999995,0.00,120.31,0.62,0.00,111.99,0.43999999999999995
1757043140,2025-09-04,20:32:20,0.00,119.74,0.56,8.00,116.99,0.56,0.00,115.08,0.51,24.54,116.71,0.56,0.00,113.56,0.43999999999999995,5.38,113.24,0.38,0.00,119.84,0.5,15.00,116.94,0.49,14.10,127.65,0.5,10.60,113.70,0.43999999999999995,0.00,120.31,0.62,0.00,111.99,0.43999999999999995
1757043200,2025-09-04,20:33:20,0.00,119.74,0.56,8.00,116.99,0.56,0.00,115.08,0.51,24.54,116.71,0.56,0.00,113.56,0.43999999999999995,5.38,113.24,0.38,0.00,119.84,0.5,15.00,116.94,0.49,14.10,127.65,0.5,10.60,113.70,0.43999999999999995,0.00,120.31,0.62,0.00,111.99,0.43999999999999995
1757043260,2025-09-04,20:34:20,0.00,119.74,0.56,8.00,116.99,0.56,0.00,115.08,0.51,24.54,116.71,0.54,0.00,113.56,0.43999999999999995,6.14,113.24,0.38,0.00,119.84,0.51,15.00,116.94,0.49,14.10,127.65,0.49,13.50,113.70,0.45999999999999996,0.00,120.31,0.62,0.00,111.99,0.43999999999999995
1757043320,2025-09-04,20:35:20,0.00,119.74,0.56,8.00,116.99,0.56,0.00,115.08,0.51,24.54,116.71,0.54,0.00,113.56,0.43999999999999995,6.14,113.24,0.38,0.00,119.84,0.51,15.00,116.94,0.49,14.10,127.65,0.49,13.50,113.70,0.45999999999999996,0.00,120.31,0.62,0.00,111.99,0.43999999999999995
1757043380,2025-09-04,20:36:20,0.00,119.76,0.56,8.00,117.00,0.56,0.00,115.08,0.51,24.54,116.71,0.53,0.00,113.56,0.43999999999999995,6.02,113.24,0.38,0.00,119.84,0.52,15.00,116.94,0.49,14.10,127.65,0.48,12.70,113.70,0.47,0.00,120.31,0.62,0.00,111.98,0.43999999999999995
1757043440,2025-09-04,20:37:20,0.00,119.74,0.56,8.00,116.99,0.56,0.00,115.08,0.51,24.54,116.71,0.53,0.00,113.56,0.43999999999999995,6.02,113.24,0.38,0.00,119.84,0.52,15.00,116.94,0.49,14.10,127.65,0.48,12.70,113.70,0.47,0.00,120.31,0.62,0.00,111.99,0.43999999999999995
1757043500,2025-09-04,20:38:20,0.00,119.74,0.56,8.00,116.99,0.56,0.00,115.08,0.51,24.54,116.71,0.53,0.00,113.56,0.43999999999999995,6.02,113.24,0.38,0.00,119.84,0.52,15.00,116.94,0.49,14.10,127.65,0.48,12.70,113.70,0.47,0.00,120.31,0.62,0.00,111.99,0.43999999999999995
1757043560,2025-09-04,20:39:20,0.00,119.74,0.56,8.00,116.99,0.56,0.00,115.08,0.51,24.54,116.71,0.53,0.00,113.56,0.43999999999999995,6.02,113.24,0.38,0.00,119.84,0.52,15.00,116.94,0.49,14.10,127.65,0.48,12.70,113.70,0.47,0.00,120.31,0.62,0.00,111.99,0.43999999999999995
1757043620,2025-09-04,20:40:20,0.00,119.74,0.56,8.00,116.99,0.56,0.00,115.08,0.51,24.54,116.71,0.53,0.00,113.56,0.43999999999999995,6.02,113.24,0.38,0.00,119.84,0.52,15.00,116.94,0.49,14.10,127.65,0.48,12.70,113.70,0.47,0.00,120.31,0.62,0.00,111.99,0.43999999999999995
1757043680,2025-09-04,20:41:20,0.00,119.74,0.56,8.00,116.99,0.56,0.00,115.08,0.51,24.86,116.71,0.53,0.00,113.56,0.43999999999999995,6.02,113.24,0.38,0.00,119.84,0.51,15.00,116.94,0.49,15.40,127.65,0.49,12.70,113.70,0.47,0.00,120.31,0.62,0.00,111.99,0.43999999999999995
1757043740,2025-09-04,20:42:20,0.00,119.74,0.56,8.00,116.99,0.56,0.00,115.08,0.52,25.06,116.71,0.53,0.00,113.56,0.43999999999999995,6.02,113.24,0.38,0.00,119.84,0.51,15.00,116.94,0.48,15.50,127.65,0.49,12.70,113.70,0.47,0.00,120.31,0.62,0.00,111.99,0.43999999999999995
1757043800,2025-09-04,20:43:20,0.00,119.74,0.56,8.00,116.99,0.56,0.00,115.08,0.52,24.96,116.71,0.53,0.00,113.56,0.43999999999999995,6.02,113.24,0.37,0.00,119.84,0.52,15.00,116.94,0.48,15.50,127.65,0.48,12.70,113.70,0.47,0.00,120.31,0.63,0.00,111.99,0.43999999999999995
1757043860,2025-09-04,20:44:20,0.00,119.74,0.56,8.00,116.99,0.56,0.00,115.08,0.52,24.96,116.71,0.53,0.00,113.56,0.43999999999999995,6.02,113.24,0.37,0.00,119.84,0.51,15.00,116.94,0.48,15.90,127.65,0.49,12.70,113.70,0.47,0.00,120.31,0.63,0.00,111.99,0.43999999999999995
1757043920,2025-09-04,20:45:20,0.00,119.74,0.56,8.00,116.99,0.55,0.00,115.08,0.52,25.06,116.71,0.53,0.00,113.56,0.43999999999999995,6.02,113.24,0.37,0.00,119.84,0.52,15.00,116.94,0.48,15.90,127.65,0.48,12.70,113.70,0.47,0.00,120.31,0.63,0.00,111.99,0.44999999999999996
1757043980,2025-09-04,20:46:20,0.00,119.74,0.56,8.00,116.99,0.55,0.00,115.08,0.52,25.34,116.71,0.53,0.00,113.56,0.43999999999999995,6.02,113.24,0.37,0.00,119.84,0.52,15.00,116.94,0.48,15.90,127.65,0.48,12.70,113.70,0.47,0.00,120.31,0.63,0.00,111.99,0.44999999999999996
1757044040,2025-09-04,20:47:20,0.00,119.74,0.56,8.00,116.99,0.55,0.00,115.08,0.52,25.54,116.71,0.53,0.00,113.56,0.43999999999999995,6.02,113.24,0.37,0.00,119.84,0.52,15.00,116.94,0.48,16.50,127.65,0.48,12.70,113.70,0.47,0.00,120.31,0.63,0.00,111.99,0.44999999999999996
1757044100,2025-09-04,20:48:20,0.00,119.74,0.56,8.00,116.99,0.55,0.00,115.08,0.53,25.54,116.71,0.53,0.00,113.56,0.43999999999999995,6.02,113.24,0.36,0.00,119.84,0.53,15.00,116.94,0.47,16.50,127.65,0.47,12.70,113.70,0.47,0.00,120.31,0.64,0.00,111.99,0.44999999999999996
1757044160,2025-09-04,20:49:20,0.00,119.74,0.56,8.00,116.99,0.55,0.00,115.08,0.53,25.54,116.71,0.53,0.00,113.56,0.43999999999999995,6.02,113.24,0.36,0.00,119.84,0.53,15.00,116.94,0.47,16.50,127.65,0.47,12.70,113.70,0.47,0.00,120.31,0.64,0.00,111.99,0.44999999999999996
1757044220,2025-09-04,20:50:20,0.00,119.74,0.56,8.00,116.99,0.55,0.00,115.08,0.53,25.54,116.71,0.53,0.00,113.56,0.43999999999999995,6.02,113.24,0.36,0.00,119.84,0.53,15.00,116.94,0.47,16.50,127.65,0.47,12.70,113.70,0.47,0.00,120.31,0.64,0.00,111.99,0.44999999999999996
1757044280,2025-09-04,20:51:20,0.00,119.74,0.56,8.00,116.99,0.55,0.00,115.08,0.53,25.54,116.71,0.53,0.00,113.56,0.43999999999999995,6.02,113.24,0.36,0.00,119.84,0.53,15.00,116.94,0.47,16.50,127.65,0.47,12.70,113.70,0.47,0.00,120.31,0.64,0.00,111.99,0.44999999999999996
1757044340,2025-09-04,20:52:20,0.00,119.74,0.56,8.00,116.99,0.55,0.00,115.08,0.53,25.94,116.71,0.53,0.00,113.56,0.43999999999999995,6.02,113.24,0.36,0.00,119.84,0.53,15.00,116.94,0.47,16.50,127.65,0.47,12.70,113.70,0.47,0.00,120.31,0.64,0.00,111.99,0.44999999999999996
1757044400,2025-09-04,20:53:20,0.00,119.74,0.56,8.00,116.99,0.55,0.00,115.08,0.53,25.90,116.71,0.53,0.00,113.56,0.43999999999999995,6.02,113.24,0.36,0.00,119.84,0.53,15.00,116.94,0.47,16.50,127.65,0.47,12.70,113.70,0.47,0.00,120.31,0.64,0.00,111.99,0.44999999999999996
1757044460,2025-09-04,20:54:20,0.00,119.74,0.56,8.00,116.99,0.55,0.00,115.08,0.53,25.90,116.71,0.53,0.00,113.56,0.43999999999999995,6.02,113.24,0.36,0.00,119.84,0.53,15.00,116.94,0.47,16.50,127.65,0.47,12.70,113.70,0.47,0.00,120.31,0.64,0.00,111.99,0.44999999999999996
1757044520,2025-09-04,20:55:20,0.00,119.74,0.56,8.00,116.99,0.55,0.00,115.08,0.53,25.90,116.71,0.53,0.00,113.56,0.43999999999999995,6.02,113.24,0.36,0.00,119.84,0.53,15.00,116.94,0.47,16.50,127.65,0.47,12.70,113.70,0.47,0.00,120.31,0.64,0.00,111.99,0.44999999999999996
1757044580,2025-09-04,20:56:20,0.00,119.74,0.56,8.00,116.99,0.55,0.00,115.08,0.53,25.90,116.71,0.51,0.00,113.56,0.43999999999999995,6.54,113.24,0.37,0.00,119.84,0.53,15.00,116.94,0.47,16.50,127.65,0.47,15.50,113.70,0.49,0.00,120.31,0.63,0.00,111.99,0.44999999999999996
1757044640,2025-09-04,20:57:20,0.00,119.74,0.56,8.00,116.99,0.55,0.00,115.08,0.53,25.90,116.71,0.51,0.00,113.56,0.43999999999999995,6.54,113.24,0.36,0.00,119.84,0.54,15.00,116.94,0.47,16.50,127.65,0.45999999999999996,15.50,113.70,0.49,0.00,120.31,0.64,0.00,111.99,0.44999999999999996
1757044700,2025-09-04,20:58:20,0.00,119.74,0.56,8.00,116.99,0.55,0.00,115.08,0.53,25.90,116.71,0.5,0.00,113.56,0.43999999999999995,6.62,113.24,0.36,0.00,119.84,0.54,15.00,116.94,0.47,16.50,127.65,0.45999999999999996,15.50,113.70,0.5,0.00,120.31,0.64,0.00,111.99,0.44999999999999996
1757044760,2025-09-04,20:59:20,0.00,119.74,0.56,8.00,116.99,0.55,0.00,115.08,0.53,25.90,116.71,0.5,0.00,113.56,0.43999999999999995,6.74,113.24,0.36,0.00,119.84,0.55,15.00,116.94,0.47,16.50,127.65,0.44999999999999996,15.50,113.70,0.5,0.00,120.31,0.64,0.00,111.99,0.44999999999999996
1757044820,2025-09-04,21:00:20,0.00,119.74,0.56,8.00,116.99,0.55,0.00,115.08,0.53,25.90,116.71,0.5,0.00,113.56,0.43999999999999995,6.74,113.24,0.36,0.00,119.84,0.55,15.00,116.94,0.47,16.50,127.65,0.44999999999999996,15.50,113.70,0.5,0.00,120.31,0.64,0.00,111.99,0.44999999999999996
1757044880,2025-09-04,21:01:20,0.00,119.74,0.56,8.00,116.99,0.55,0.00,115.08,0.53,25.90,116.71,0.5,0.00,113.56,0.43999999999999995,6.74,113.24,0.36,0.00,119.84,0.55,15.00,116.94,0.47,16.50,127.65,0.44999999999999996,15.50,113.70,0.5,0.00,120.31,0.64,0.00,111.99,0.44999999999999996
1757044940,2025-09-04,21:02:20,0.00,119.74,0.56,8.00,116.99,0.55,0.00,115.08,0.53,25.90,116.71,0.5,0.00,113.56,0.43999999999999995,6.74,113.24,0.36,0.00,119.84,0.55,15.00,116.94,0.47,16.50,127.65,0.44999999999999996,15.50,113.70,0.5,0.00,120.31,0.64,0.00,111.99,0.44999999999999996
1757045000,2025-09-04,21:03:20,0.00,119.74,0.56,8.00,116.99,0.54,0.00,115.08,0.53,26.20,116.71,0.5,0.00,113.56,0.43999999999999995,6.74,113.24,0.36,0.00,119.84,0.55,15.00,116.94,0.47,16.50,127.65,0.44999999999999996,15.50,113.70,0.5,0.00,120.31,0.64,0.00,111.99,0.45999999999999996
1757045060,2025-09-04,21:04:20,0.00,119.74,0.56,8.00,116.99,0.54,0.00,115.08,0.53,26.36,116.71,0.5,0.00,113.56,0.43999999999999995,6.74,113.24,0.36,0.00,119.84,0.55,15.00,116.94,0.47,16.50,127.65,0.44999999999999996,15.50,113.70,0.5,0.00,120.31,0.64,0.00,111.99,0.45999999999999996
1757045120,2025-09-04,21:05:20,0.00,119.74,0.56,8.00,116.99,0.54,0.00,115.08,0.53,26.36,116.71,0.5,0.00,113.56,0.43999999999999995,6.74,113.24,0.36,0.00,119.84,0.56,15.00,116.94,0.47,16.50,127.65,0.43999999999999995,15.50,113.70,0.5,0.00,120.31,0.64,0.00,111.99,0.45999999999999996
1757045181,2025-09-04,21:06:21,0.00,119.74,0.56,8.00,116.99,0.54,0.00,115.08,0.53,26.36,116.71,0.5,0.00,113.56,0.43999999999999995,6.74,113.24,0.36,0.00,119.84,0.56,15.00,116.94,0.47,16.50,127.65,0.43999999999999995,15.50,113.70,0.5,0.00,120.31,0.64,0.00,111.99,0.45999999999999996
1757051522,2025-09-04,22:52:02,0.00,119.04,0.56,8.00,118.10,0.55,0.00,112.49,0.51,28.78,116.67,0.52,0.00,112.41,0.43999999999999995,7.82,113.08,0.37,0.00,118.76,0.56,16.00,115.75,0.49,17.70,126.10,0.43999999999999995,15.50,113.35,0.48,0.00,118.86,0.63,0.00,111.79,0.44999999999999996
1757051582,2025-09-04,22:53:02,0.00,119.74,0.56,8.00,116.99,0.54,0.00,115.08,0.53,28.78,116.71,0.52,0.00,113.56,0.43999999999999995,7.82,113.24,0.36,0.00,119.84,0.56,16.00,116.94,0.47,17.70,127.65,0.43999999999999995,15.50,113.70,0.48,0.00,120.31,0.64,0.00,111.99,0.45999999999999996
1757051642,2025-09-04,22:54:02,0.00,119.74,0.56,8.00,116.99,0.54,0.00,115.08,0.53,28.78,116.71,0.52,0.00,113.56,0.43999999999999995,7.82,113.24,0.36,0.00,119.84,0.56,16.00,116.94,0.47,17.70,127.65,0.43999999999999995,15.50,113.70,0.48,0.00,120.31,0.64,0.00,111.99,0.45999999999999996
1757051702,2025-09-04,22:55:02,0.00,119.74,0.56,8.00,116.99,0.54,0.00,115.08,0.53,28.78,116.71,0.52,0.00,113.56,0.43999999999999995,7.82,113.24,0.36,0.00,119.84,0.56,16.00,116.94,0.47,17.70,127.65,0.43999999999999995,15.50,113.70,0.48,0.00,120.31,0.64,0.00,111.99,0.45999999999999996
1757051762,2025-09-04,22:56:02,0.00,119.74,0.56,8.00,116.99,0.54,0.00,115.08,0.53,28.78,116.71,0.52,0.00,113.56,0.43999999999999995,7.82,113.24,0.36,0.00,119.84,0.56,16.00,116.94,0.47,17.70,127.65,0.43999999999999995,15.50,113.70,0.48,0.00,120.31,0.64,0.00,111.99,0.45999999999999996
1757051822,2025-09-04,22:57:02,0.00,119.74,0.56,8.00,116.99,0.54,0.00,115.08,0.53,28.78,116.71,0.52,0.00,113.56,0.43999999999999995,7.82,113.24,0.36,0.00,119.84,0.56,16.00,116.94,0.47,17.70,127.65,0.43999999999999995,15.50,113.70,0.48,0.00,120.31,0.64,0.00,111.99,0.45999999999999996
1757051883,2025-09-04,22:58:03,0.00,119.74,0.56,8.00,116.99,0.54,0.00,115.08,0.53,28.78,116.71,0.52,0.00,113.56,0.43999999999999995,7.82,113.24,0.36,0.00,119.84,0.56,16.00,116.94,0.47,17.70,127.65,0.43999999999999995,15.50,113.70,0.48,0.00,120.31,0.64,0.00,111.99,0.45999999999999996
1757051942,2025-09-04,22:59:02,0.00,119.74,0.56,8.00,116.99,0.54,0.00,115.08,0.53,28.78,116.71,0.52,0.00,113.56,0.43999999999999995,7.82,113.24,0.36,0.00,119.84,0.56,16.00,116.94,0.47,17.70,127.65,0.43999999999999995,15.50,113.70,0.48,0.00,120.31,0.64,0.00,111.99,0.45999999999999996
1757052003,2025-09-04,23:00:03,0.00,119.74,0.56,8.00,116.99,0.54,0.00,115.08,0.53,28.78,116.71,0.52,0.00,113.56,0.43999999999999995,7.82,113.24,0.36,0.00,119.84,0.56,16.00,116.94,0.47,17.70,127.65,0.43999999999999995,15.50,113.70,0.48,0.00,120.31,0.64,0.00,111.99,0.45999999999999996
1757052062,2025-09-04,23:01:02,0.00,119.74,0.56,8.00,116.99,0.54,0.00,115.08,0.53,28.78,116.71,0.52,0.00,113.56,0.43999999999999995,7.82,113.24,0.36,0.00,119.84,0.56,16.00,116.94,0.47,17.70,127.65,0.43999999999999995,15.50,113.70,0.48,0.00,120.31,0.64,0.00,111.99,0.45999999999999996
1757052122,2025-09-04,23:02:02,0.00,119.74,0.56,8.00,116.99,0.54,0.00,115.08,0.53,28.78,116.71,0.52,0.00,113.56,0.43999999999999995,7.82,113.24,0.36,0.00,119.84,0.56,16.00,116.94,0.47,17.70,127.65,0.43999999999999995,15.50,113.70,0.48,0.00,120.31,0.64,0.00,111.99,0.45999999999999996
1757052182,2025-09-04,23:03:02,0.00,119.74,0.56,8.00,116.99,0.54,0.00,115.08,0.53,28.78,116.71,0.52,0.00,113.56,0.43999999999999995,7.82,113.24,0.36,0.00,119.84,0.56,16.00,116.94,0.47,17.70,127.65,0.43999999999999995,15.50,113.70,0.48,0.00,120.31,0.64,0.00,111.99,0.45999999999999996
1757052242,2025-09-04,23:04:02,0.00,119.74,0.56,8.00,116.99,0.54,0.00,115.08,0.53,28.78,116.71,0.52,0.00,113.56,0.43999999999999995,7.82,113.24,0.36,0.00,119.84,0.56,16.00,116.94,0.47,17.70,127.65,0.43999999999999995,15.50,113.70,0.48,0.00,120.31,0.64,0.00,111.99,0.45999999999999996
1757052303,2025-09-04,23:05:03,0.00,119.74,0.56,8.00,116.99,0.54,0.00,115.08,0.53,28.78,116.71,0.52,0.00,113.56,0.43999999999999995,7.82,113.24,0.36,0.00,119.84,0.56,16.00,116.94,0.47,17.70,127.65,0.43999999999999995,15.50,113.70,0.48,0.00,120.31,0.64,0.00,111.99,0.45999999999999996
1757052362,2025-09-04,23:06:02,0.00,119.74,0.56,8.00,116.99,0.54,0.00,115.08,0.53,28.78,116.71,0.52,0.00,113.56,0.43999999999999995,7.82,113.24,0.36,0.00,119.84,0.56,16.00,116.94,0.47,17.70,127.65,0.43999999999999995,15.50,113.70,0.48,0.00,120.31,0.64,0.00,111.99,0.45999999999999996
1757052423,2025-09-04,23:07:03,0.00,119.74,0.56,8.00,116.99,0.54,0.00,115.08,0.53,28.78,116.71,0.52,0.00,113.56,0.43999999999999995,7.82,113.24,0.36,0.00,119.84,0.56,16.00,116.94,0.47,17.70,127.65,0.43999999999999995,15.50,113.70,0.48,0.00,120.31,0.64,0.00,111.99,0.45999999999999996
1757052482,2025-09-04,23:08:02,0.00,119.74,0.56,8.00,116.99,0.54,0.00,115.08,0.53,28.78,116.71,0.52,0.00,113.56,0.43999999999999995,7.82,113.24,0.36,0.00,119.84,0.56,16.00,116.94,0.47,17.70,127.65,0.43999999999999995,15.50,113.70,0.48,0.00,120.31,0.64,0.00,111.99,0.45999999999999996
1757052542,2025-09-04,23:09:02,0.00,119.74,0.56,8.00,116.99,0.54,0.00,115.08,0.53,28.78,116.71,0.52,0.00,113.56,0.43999999999999995,7.82,113.24,0.36,0.00,119.84,0.56,16.00,116.94,0.47,17.70,127.65,0.43999999999999995,15.50,113.70,0.48,0.00,120.31,0.64,0.00,111.99,0.45999999999999996
1757052602,2025-09-04,23:10:02,0.00,119.74,0.56,8.00,116.99,0.54,0.00,115.08,0.53,28.78,116.71,0.52,0.00,113.56,0.43999999999999995,7.82,113.24,0.36,0.00,119.84,0.56,16.00,116.94,0.47,17.70,127.65,0.43999999999999995,15.50,113.70,0.48,0.00,120.31,0.64,0.00,111.99,0.45999999999999996
1757052662,2025-09-04,23:11:02,0.00,119.74,0.56,8.00,116.99,0.54,0.00,115.08,0.53,28.78,116.71,0.52,0.00,113.56,0.43999999999999995,7.82,113.24,0.36,0.00,119.84,0.56,16.00,116.94,0.47,17.70,127.65,0.43999999999999995,15.50,113.70,0.48,0.00,120.31,0.64,0.00,111.99,0.45999999999999996
1757052723,2025-09-04,23:12:03,0.00,119.74,0.56,8.00,116.99,0.54,0.00,115.08,0.53,28.78,116.71,0.52,0.00,113.56,0.43999999999999995,7.82,113.24,0.36,0.00,119.84,0.56,16.00,116.94,0.47,17.70,127.65,0.43999999999999995,15.50,113.70,0.48,0.00,120.31,0.64,0.00,111.99,0.45999999999999996
1757052782,2025-09-04,23:13:02,0.00,119.74,0.56,8.00,116.99,0.54,0.00,115.08,0.53,28.78,116.71,0.52,0.00,113.56,0.43999999999999995,7.82,113.24,0.36,0.00,119.84,0.56,16.00,116.94,0.47,17.70,127.65,0.43999999999999995,15.50,113.70,0.48,0.00,120.31,0.64,0.00,111.99,0.45999999999999996
1757052842,2025-09-04,23:14:02,0.00,119.74,0.56,8.00,116.99,0.54,0.00,115.08,0.53,28.78,116.71,0.52,0.00,113.56,0.43999999999999995,7.82,113.24,0.36,0.00,119.84,0.56,16.00,116.94,0.47,17.70,127.65,0.43999999999999995,15.50,113.70,0.48,0.00,120.31,0.64,0.00,111.99,0.45999999999999996
1757052902,2025-09-04,23:15:02,0.00,119.74,0.56,8.00,116.99,0.54,0.00,115.08,0.53,28.78,116.71,0.52,0.00,113.56,0.43999999999999995,7.82,113.24,0.36,0.00,119.84,0.56,16.00,116.94,0.47,17.70,127.65,0.43999999999999995,15.50,113.70,0.48,0.00,120.31,0.64,0.00,111.99,0.45999999999999996
1757052962,2025-09-04,23:16:02,0.00,119.04,0.56,8.00,118.10,0.55,0.00,112.49,0.51,28.78,116.67,0.52,0.00,112.41,0.43999999999999995,7.82,113.08,0.37,0.00,118.76,0.56,16.00,115.75,0.49,17.70,126.10,0.43999999999999995,15.50,113.35,0.48,0.00,118.86,0.63,0.00,111.79,0.44999999999999996
1757053022,2025-09-04,23:17:02,0.00,119.74,0.56,8.00,116.99,0.54,0.00,115.08,0.53,28.78,116.71,0.52,0.00,113.56,0.43999999999999995,7.82,113.24,0.36,0.00,119.84,0.56,16.00,116.94,0.47,17.70,127.65,0.43999999999999995,15.50,113.70,0.48,0.00,120.31,0.64,0.00,111.99,0.45999999999999996
1757053082,2025-09-04,23:18:02,0.00,119.74,0.56,8.00,116.99,0.54,0.00,115.08,0.53,28.78,116.71,0.52,0.00,113.56,0.43999999999999995,7.82,113.24,0.36,0.00,119.84,0.56,16.00,116.94,0.47,17.70,127.65,0.43999999999999995,15.50,113.70,0.48,0.00,120.31,0.64,0.00,111.99,0.45999999999999996
1757053142,2025-09-04,23:19:02,0.00,119.74,0.56,8.00,116.99,0.54,0.00,115.08,0.53,28.78,116.71,0.52,0.00,113.56,0.43999999999999995,7.82,113.24,0.36,0.00,119.84,0.56,16.00,116.94,0.47,17.70,127.65,0.43999999999999995,15.50,113.70,0.48,0.00,120.31,0.64,0.00,111.99,0.45999999999999996
1757053202,2025-09-04,23:20:02,0.00,119.74,0.56,8.00,116.99,0.54,0.00,115.08,0.53,28.78,116.71,0.52,0.00,113.56,0.43999999999999995,7.82,113.24,0.36,0.00,119.84,0.56,16.00,116.94,0.47,17.70,127.65,0.43999999999999995,15.50,113.70,0.48,0.00,120.31,0.64,0.00,111.99,0.45999999999999996
1757053262,2025-09-04,23:21:02,0.00,119.74,0.56,8.00,116.99,0.54,0.00,115.08,0.53,28.78,116.71,0.52,0.00,113.56,0.43999999999999995,7.82,113.24,0.36,0.00,119.84,0.56,16.00,116.94,0.47,17.70,127.65,0.43999999999999995,15.50,113.70,0.48,0.00,120.31,0.64,0.00,111.99,0.45999999999999996
1757053322,2025-09-04,23:22:02,0.00,119.74,0.56,8.00,116.99,0.54,0.00,115.08,0.53,28.78,116.71,0.52,0.00,113.56,0.43999999999999995,7.82,113.24,0.36,0.00,119.84,0.56,16.00,116.94,0.47,17.70,127.65,0.43999999999999995,15.50,113.70,0.48,0.00,120.31,0.64,0.00,111.99,0.45999999999999996
1757053382,2025-09-04,23:23:02,0.00,119.74,0.56,8.00,116.99,0.54,0.00,115.08,0.53,28.78,116.71,0.52,0.00,113.56,0.43999999999999995,7.82,113.24,0.36,0.00,119.84,0.56,16.00,116.94,0.47,17.70,127.65,0.43999999999999995,15.50,113.70,0.48,0.00,120.31,0.64,0.00,111.99,0.45999999999999996
1757053442,2025-09-04,23:24:02,0.00,119.74,0.56,8.00,116.99,0.54,0.00,115.08,0.53,28.78,116.71,0.52,0.00,113.56,0.43999999999999995,7.82,113.24,0.36,0.00,119.84,0.56,16.00,116.94,0.47,17.70,127.65,0.43999999999999995,15.50,113.70,0.48,0.00,120.31,0.64,0.00,111.99,0.45999999999999996
1757053502,2025-09-04,23:25:02,0.00,119.74,0.56,8.00,116.99,0.54,0.00,115.08,0.53,28.78,116.71,0.52,0.00,113.56,0.43999999999999995,7.82,113.24,0.36,0.00,119.84,0.56,16.00,116.94,0.47,17.70,127.65,0.43999999999999995,15.50,113.70,0.48,0.00,120.31,0.64,0.00,111.99,0.45999999999999996
1757053562,2025-09-04,23:26:02,0.00,119.74,0.56,8.00,116.99,0.54,0.00,115.08,0.53,28.78,116.71,0.52,0.00,113.56,0.43999999999999995,7.82,113.24,0.36,0.00,119.84,0.56,16.00,116.94,0.47,17.70,127.65,0.43999999999999995,15.50,113.70,0.48,0.00,120.31,0.64,0.00,111.99,0.45999999999999996
1757053622,2025-09-04,23:27:02,0.00,119.74,0.56,8.00,116.99,0.54,0.00,115.08,0.53,28.78,116.71,0.52,0.00,113.56,0.43999999999999995,7.82,113.24,0.36,0.00,119.84,0.56,16.00,116.94,0.47,17.70,127.65,0.43999999999999995,15.50,113.70,0.48,0.00,120.31,0.64,0.00,111.99,0.45999999999999996
1757053682,2025-09-04,23:28:02,0.00,119.74,0.56,8.00,116.99,0.54,0.00,115.08,0.53,28.78,116.71,0.52,0.00,113.56,0.43999999999999995,7.82,113.24,0.36,0.00,119.84,0.56,16.00,116.94,0.47,17.70,127.65,0.43999999999999995,15.50,113.70,0.48,0.00,120.31,0.64,0.00,111.99,0.45999999999999996
1757053742,2025-09-04,23:29:02,0.00,119.74,0.56,8.00,116.99,0.54,0.00,115.08,0.53,28.78,116.71,0.52,0.00,113.56,0.43999999999999995,7.82,113.24,0.36,0.00,119.84,0.56,16.00,116.94,0.47,17.70,127.65,0.43999999999999995,15.50,113.70,0.48,0.00,120.31,0.64,0.00,111.99,0.45999999999999996
1757053803,2025-09-04,23:30:03,0.00,119.74,0.56,8.00,116.99,0.54,0.00,115.08,0.53,28.78,116.71,0.52,0.00,113.56,0.43999999999999995,7.82,113.24,0.36,0.00,119.84,0.56,16.00,116.94,0.47,17.70,127.65,0.43999999999999995,15.50,113.70,0.48,0.00,120.31,0.64,0.00,111.99,0.45999999999999996
1757053862,2025-09-04,23:31:02,0.00,119.74,0.56,8.00,116.99,0.54,0.00,115.08,0.53,28.78,116.71,0.52,0.00,113.56,0.43999999999999995,7.82,113.24,0.36,0.00,119.84,0.56,16.00,116.94,0.47,17.70,127.65,0.43999999999999995,15.50,113.70,0.48,0.00,120.31,0.64,0.00,111.99,0.45999999999999996
1757053922,2025-09-04,23:32:02,0.00,119.04,0.56,8.00,118.10,0.55,0.00,112.49,0.51,28.78,116.67,0.52,0.00,112.41,0.43999999999999995,7.82,113.08,0.37,0.00,118.76,0.56,16.00,115.75,0.49,17.70,126.10,0.43999999999999995,15.50,113.35,0.48,0.00,118.86,0.63,0.00,111.79,0.44999999999999996
1757053982,2025-09-04,23:33:02,0.00,119.74,0.56,8.00,116.99,0.54,0.00,115.08,0.53,28.78,116.71,0.52,0.00,113.56,0.43999999999999995,7.82,113.24,0.36,0.00,119.84,0.56,16.00,116.94,0.47,17.70,127.65,0.43999999999999995,15.50,113.70,0.48,0.00,120.31,0.64,0.00,111.99,0.45999999999999996
1757054042,2025-09-04,23:34:02,0.00,119.74,0.56,8.00,116.99,0.54,0.00,115.08,0.53,28.78,116.71,0.52,0.00,113.56,0.43999999999999995,7.82,113.24,0.36,0.00,119.84,0.56,16.00,116.94,0.47,17.70,127.65,0.43999999999999995,15.50,113.70,0.48,0.00,120.31,0.64,0.00,111.99,0.45999999999999996
1757054102,2025-09-04,23:35:02,0.00,119.74,0.56,8.00,116.99,0.54,0.00,115.08,0.53,28.78,116.71,0.52,0.00,113.56,0.43999999999999995,7.82,113.24,0.36,0.00,119.84,0.56,16.00,116.94,0.47,17.70,127.65,0.43999999999999995,15.50,113.70,0.48,0.00,120.31,0.64,0.00,111.99,0.45999999999999996
1757054162,2025-09-04,23:36:02,0.00,119.74,0.56,8.00,116.99,0.54,0.00,115.08,0.53,28.78,116.71,0.52,0.00,113.56,0.43999999999999995,7.82,113.24,0.36,0.00,119.84,0.56,16.00,116.94,0.47,17.70,127.65,0.43999999999999995,15.50,113.70,0.48,0.00,120.31,0.64,0.00,111.99,0.45999999999999996
1757054222,2025-09-04,23:37:02,0.00,119.74,0.56,8.00,116.99,0.54,0.00,115.08,0.53,28.78,116.71,0.52,0.00,113.56,0.43999999999999995,7.82,113.24,0.36,0.00,119.84,0.56,16.00,116.94,0.47,17.70,127.65,0.43999999999999995,15.50,113.70,0.48,0.00,120.31,0.64,0.00,111.99,0.45999999999999996
1757054282,2025-09-04,23:38:02,0.00,119.74,0.56,8.00,116.99,0.54,0.00,115.08,0.53,28.78,116.71,0.52,0.00,113.56,0.43999999999999995,7.82,113.24,0.36,0.00,119.84,0.56,16.00,116.94,0.47,17.70,127.65,0.43999999999999995,15.50,113.70,0.48,0.00,120.31,0.64,0.00,111.99,0.45999999999999996
1757054343,2025-09-04,23:39:03,0.00,119.74,0.56,8.00,116.99,0.54,0.00,115.08,0.53,28.78,116.71,0.52,0.00,113.56,0.43999999999999995,7.82,113.24,0.36,0.00,119.84,0.56,16.00,116.94,0.47,17.70,127.65,0.43999999999999995,15.50,113.70,0.48,0.00,120.31,0.64,0.00,111.99,0.45999999999999996
1757054402,2025-09-04,23:40:02,0.00,119.74,0.56,8.00,116.99,0.54,0.00,115.08,0.53,28.78,116.71,0.52,0.00,113.56,0.43999999999999995,7.82,113.24,0.36,0.00,119.84,0.56,16.00,116.94,0.47,17.70,127.65,0.43999999999999995,15.50,113.70,0.48,0.00,120.31,0.64,0.00,111.99,0.45999999999999996
1757054604,2025-09-04,23:43:24,0.00,119.74,0.56,8.00,116.99,0.54,0.00,115.08,0.53,28.78,116.71,0.52,0.00,113.56,0.43999999999999995,7.82,113.24,0.36,0.00,119.84,0.56,16.00,116.94,0.47,17.70,127.65,0.43999999999999995,15.50,113.70,0.48,0.00,120.31,0.64,0.00,111.99,0.45999999999999996
1757054906,2025-09-04,23:48:26,0.00,119.74,0.56,8.00,116.99,0.54,0.00,115.08,0.53,28.78,116.71,0.52,0.00,113.56,0.43999999999999995,7.82,113.24,0.36,0.00,119.84,0.56,16.00,116.94,0.47,17.70,127.65,0.43999999999999995,15.50,113.70,0.48,0.00,120.31,0.64,0.00,111.99,0.45999999999999996
1757055209,2025-09-04,23:53:29,0.00,119.74,0.56,8.00,116.99,0.54,0.00,115.08,0.53,28.78,116.71,0.52,0.00,113.56,0.43999999999999995,7.82,113.24,0.36,0.00,119.84,0.56,16.00,116.94,0.47,17.70,127.65,0.43999999999999995,15.50,113.70,0.48,0.00,120.31,0.64,0.00,111.99,0.45999999999999996
1757055511,2025-09-04,23:58:31,0.00,119.74,0.56,8.00,116.99,0.54,0.00,115.08,0.53,28.78,116.71,0.52,0.00,113.56,0.43999999999999995,7.82,113.24,0.36,0.00,119.84,0.56,16.00,116.94,0.47,17.70,127.65,0.43999999999999995,15.50,113.70,0.48,0.00,120.31,0.64,0.00,111.99,0.45999999999999996
1757055813,2025-09-05,00:03:33,0.00,119.74,0.56,8.00,116.99,0.54,0.00,115.08,0.53,28.78,116.71,0.52,0.00,113.56,0.43999999999999995,7.82,113.24,0.36,0.00,119.84,0.56,16.00,116.94,0.47,17.70,127.65,0.43999999999999995,15.50,113.70,0.48,0.00,120.31,0.64,0.00,111.99,0.45999999999999996
1757056115,2025-09-05,00:08:35,0.00,119.74,0.56,8.00,116.99,0.54,0.00,115.08,0.53,28.78,116.71,0.52,0.00,113.56,0.43999999999999995,7.82,113.24,0.36,0.00,119.84,0.56,16.00,116.94,0.47,17.70,127.65,0.43999999999999995,15.50,113.70,0.48,0.00,120.31,0.64,0.00,111.99,0.45999999999999996
1757056417,2025-09-05,00:13:37,0.00,119.74,0.56,8.00,116.99,0.54,0.00,115.08,0.53,28.78,116.71,0.52,0.00,113.56,0.43999999999999995,7.82,113.24,0.36,0.00,119.84,0.56,16.00,116.94,0.47,17.70,127.65,0.43999999999999995,15.50,113.70,0.48,0.00,120.31,0.64,0.00,111.99,0.45999999999999996
1757056719,2025-09-05,00:18:39,0.00,119.74,0.56,8.00,116.99,0.54,0.00,115.08,0.53,28.78,116.71,0.52,0.00,113.56,0.43999999999999995,7.82,113.24,0.36,0.00,119.84,0.56,16.00,116.94,0.47,17.70,127.65,0.43999999999999995,15.50,113.70,0.48,0.00,120.31,0.64,0.00,111.99,0.45999999999999996
1757057021,2025-09-05,00:23:41,0.00,119.74,0.56,8.00,116.99,0.54,0.00,115.08,0.53,28.78,116.71,0.52,0.00,113.56,0.43999999999999995,7.82,113.24,0.36,0.00,119.84,0.56,16.00,116.94,0.47,17.70,127.65,0.43999999999999995,15.50,113.70,0.48,0.00,120.31,0.64,0.00,111.99,0.45999999999999996
1757057323,2025-09-05,00:28:43,0.00,119.74,0.56,8.00,116.99,0.54,0.00,115.08,0.53,28.78,116.71,0.52,0.00,113.56,0.43999999999999995,7.82,113.24,0.36,0.00,119.84,0.56,16.00,116.94,0.47,17.70,127.65,0.43999999999999995,15.50,113.70,0.48,0.00,120.31,0.64,0.00,111.99,0.45999999999999996
1757057626,2025-09-05,00:33:46,0.00,119.74,0.56,8.00,116.99,0.54,0.00,115.08,0.53,28.78,116.71,0.52,0.00,113.56,0.43999999999999995,7.82,113.24,0.36,0.00,119.84,0.56,16.00,116.94,0.47,17.70,127.65,0.43999999999999995,15.50,113.70,0.48,0.00,120.31,0.64,0.00,111.99,0.45999999999999996
1757057929,2025-09-05,00:38:49,0.00,119.74,0.56,8.00,116.99,0.54,0.00,115.08,0.53,28.78,116.71,0.52,0.00,113.56,0.43999999999999995,7.82,113.24,0.36,0.00,119.84,0.56,16.00,116.94,0.47,17.70,127.65,0.43999999999999995,15.50,113.70,0.48,0.00,120.31,0.64,0.00,111.99,0.45999999999999996
1757058231,2025-09-05,00:43:51,0.00,119.74,0.56,8.00,116.99,0.54,0.00,115.08,0.53,28.78,116.71,0.52,0.00,113.56,0.43999999999999995,7.82,113.24,0.36,0.00,119.84,0.56,16.00,116.94,0.47,17.70,127.65,0.43999999999999995,15.50,113.70,0.48,0.00,120.31,0.64,0.00,111.99,0.45999999999999996
1757058534,2025-09-05,00:48:54,0.00,119.74,0.56,8.00,116.99,0.54,0.00,115.08,0.53,28.78,116.71,0.52,0.00,113.56,0.43999999999999995,7.82,113.24,0.36,0.00,119.84,0.56,16.00,116.94,0.47,17.70,127.65,0.43999999999999995,15.50,113.70,0.48,0.00,120.31,0.64,0.00,111.99,0.45999999999999996
1757058836,2025-09-05,00:53:56,0.00,119.74,0.56,8.00,116.99,0.54,0.00,115.08,0.53,28.78,116.71,0.52,0.00,113.56,0.43999999999999995,7.82,113.24,0.36,0.00,119.84,0.56,16.00,116.94,0.47,17.70,127.65,0.43999999999999995,15.50,113.70,0.48,0.00,120.31,0.64,0.00,111.99,0.45999999999999996
1757059138,2025-09-05,00:58:58,0.00,119.74,0.56,8.00,116.99,0.54,0.00,115.08,0.53,28.78,116.71,0.52,0.00,113.56,0.43999999999999995,7.82,113.24,0.36,0.00,119.84,0.56,16.00,116.94,0.47,17.70,127.65,0.43999999999999995,15.50,113.70,0.48,0.00,120.31,0.64,0.00,111.99,0.45999999999999996
1757059440,2025-09-05,01:04:00,0.00,119.74,0.56,8.00,116.99,0.54,0.00,115.08,0.53,28.78,116.71,0.52,0.00,113.56,0.43999999999999995,7.82,113.24,0.36,0.00,119.84,0.56,16.00,116.94,0.47,17.70,127.65,0.43999999999999995,15.50,113.70,0.48,0.00,120.31,0.64,0.00,111.99,0.45999999999999996
1757059742,2025-09-05,01:09:02,0.00,119.74,0.56,8.00,116.99,0.54,0.00,115.08,0.53,28.78,116.71,0.52,0.00,113.56,0.43999999999999995,7.82,113.24,0.36,0.00,119.84,0.56,16.00,116.94,0.47,17.70,127.65,0.43999999999999995,15.50,113.70,0.48,0.00,120.31,0.64,0.00,111.99,0.45999999999999996
1757060044,2025-09-05,01:14:04,0.00,119.74,0.56,8.00,116.99,0.54,0.00,115.08,0.53,28.78,116.71,0.52,0.00,113.56,0.43999999999999995,7.82,113.24,0.36,0.00,119.84,0.56,16.00,116.94,0.47,17.70,127.65,0.43999999999999995,15.50,113.70,0.48,0.00,120.31,0.64,0.00,111.99,0.45999999999999996
1757060347,2025-09-05,01:19:07,0.00,119.74,0.56,8.00,116.99,0.54,0.00,115.08,0.53,28.78,116.71,0.52,0.00,113.56,0.43999999999999995,7.82,113.24,0.36,0.00,119.84,0.56,16.00,116.94,0.47,17.70,127.65,0.43999999999999995,15.50,113.70,0.48,0.00,120.31,0.64,0.00,111.99,0.45999999999999996
1757060650,2025-09-05,01:24:10,0.00,119.74,0.56,8.00,116.99,0.54,0.00,115.08,0.53,28.78,116.71,0.52,0.00,113.56,0.43999999999999995,7.82,113.24,0.36,0.00,119.84,0.56,16.00,116.94,0.47,17.70,127.65,0.43999999999999995,15.50,113.70,0.48,0.00,120.31,0.64,0.00,111.99,0.45999999999999996
1757060953,2025-09-05,01:29:13,0.00,119.74,0.56,8.00,116.99,0.54,0.00,115.08,0.53,28.78,116.71,0.52,0.00,113.56,0.43999999999999995,7.82,113.24,0.36,0.00,119.84,0.56,16.00,116.94,0.47,17.70,127.65,0.43999999999999995,15.50,113.70,0.48,0.00,120.31,0.64,0.00,111.99,0.45999999999999996
1757061255,2025-09-05,01:34:15,0.00,119.04,0.56,8.00,118.10,0.55,0.00,112.49,0.51,28.78,116.67,0.52,0.00,112.41,0.43999999999999995,7.82,113.08,0.37,0.00,118.76,0.56,16.00,115.75,0.49,17.70,126.10,0.43999999999999995,15.50,113.35,0.48,0.00,118.86,0.63,0.00,111.79,0.44999999999999996
1757061558,2025-09-05,01:39:18,0.00,119.74,0.56,8.00,116.99,0.54,0.00,115.08,0.53,28.78,116.71,0.52,0.00,113.56,0.43999999999999995,7.82,113.24,0.36,0.00,119.84,0.56,16.00,116.94,0.47,17.70,127.65,0.43999999999999995,15.50,113.70,0.48,0.00,120.31,0.64,0.00,111.99,0.45999999999999996
1757061860,2025-09-05,01:44:20,0.00,119.74,0.56,8.00,116.99,0.54,0.00,115.08,0.53,28.78,116.71,0.52,0.00,113.56,0.43999999999999995,7.82,113.24,0.36,0.00,119.84,0.56,16.00,116.94,0.47,17.70,127.65,0.43999999999999995,15.50,113.70,0.48,0.00,120.31,0.64,0.00,111.99,0.45999999999999996
1757062162,2025-09-05,01:49:22,0.00,119.74,0.56,8.00,116.99,0.54,0.00,115.08,0.53,28.78,116.71,0.52,0.00,113.56,0.43999999999999995,7.82,113.24,0.36,0.00,119.84,0.56,16.00,116.94,0.47,17.70,127.65,0.43999999999999995,15.50,113.70,0.48,0.00,120.31,0.64,0.00,111.99,0.45999999999999996
1757062464,2025-09-05,01:54:24,0.00,119.74,0.56,8.00,116.99,0.54,0.00,115.08,0.53,28.78,116.71,0.52,0.00,113.56,0.43999999999999995,7.82,113.24,0.36,0.00,119.84,0.56,16.00,116.94,0.47,17.70,127.65,0.43999999999999995,15.50,113.70,0.48,0.00,120.31,0.64,0.00,111.99,0.45999999999999996
1757062766,2025-09-05,01:59:26,0.00,119.74,0.56,8.00,116.99,0.54,0.00,115.08,0.53,28.78,116.71,0.52,0.00,113.56,0.43999999999999995,7.82,113.24,0.36,0.00,119.84,0.56,16.00,116.94,0.47,17.70,127.65,0.43999999999999995,15.50,113.70,0.48,0.00,120.31,0.64,0.00,111.99,0.45999999999999996
1757063068,2025-09-05,02:04:28,0.00,119.74,0.56,8.00,116.99,0.54,0.00,115.08,0.53,28.78,116.71,0.52,0.00,113.56,0.43999999999999995,7.82,113.24,0.36,0.00,119.84,0.56,16.00,116.94,0.47,17.70,127.65,0.43999999999999995,15.50,113.70,0.48,0.00,120.31,0.64,0.00,111.99,0.45999999999999996
1757063370,2025-09-05,02:09:30,0.00,119.74,0.56,8.00,116.99,0.54,0.00,115.08,0.53,28.78,116.71,0.52,0.00,113.56,0.43999999999999995,7.82,113.24,0.36,0.00,119.84,0.56,16.00,116.94,0.47,17.70,127.65,0.43999999999999995,15.50,113.70,0.48,0.00,120.31,0.64,0.00,111.99,0.45999999999999996
1757063673,2025-09-05,02:14:33,0.00,119.04,0.56,8.00,118.10,0.55,0.00,112.49,0.51,28.78,116.67,0.52,0.00,112.41,0.43999999999999995,7.82,113.08,0.37,0.00,118.76,0.56,16.00,115.75,0.49,17.70,126.10,0.43999999999999995,15.50,113.35,0.48,0.00,118.86,0.63,0.00,111.79,0.44999999999999996
1757063975,2025-09-05,02:19:35,0.00,119.74,0.56,8.00,116.99,0.54,0.00,115.08,0.53,28.78,116.71,0.52,0.00,113.56,0.43999999999999995,7.82,113.24,0.36,0.00,119.84,0.56,16.00,116.94,0.47,17.70,127.65,0.43999999999999995,15.50,113.70,0.48,0.00,120.31,0.64,0.00,111.99,0.45999999999999996
1757064277,2025-09-05,02:24:37,0.00,119.74,0.56,8.00,116.99,0.54,0.00,115.08,0.53,28.78,116.71,0.52,0.00,113.56,0.43999999999999995,7.82,113.24,0.36,0.00,119.84,0.56,16.00,116.94,0.47,17.70,127.65,0.43999999999999995,15.50,113.70,0.48,0.00,120.31,0.64,0.00,111.99,0.45999999999999996
1757064579,2025-09-05,02:29:39,0.00,119.74,0.56,8.00,116.99,0.54,0.00,115.08,0.53,28.78,116.71,0.52,0.00,113.56,0.43999999999999995,7.82,113.24,0.36,0.00,119.84,0.56,16.00,116.94,0.47,17.70,127.65,0.43999999999999995,15.50,113.70,0.48,0.00,120.31,0.64,0.00,111.99,0.45999999999999996
1757064881,2025-09-05,02:34:41,0.00,119.74,0.56,8.00,116.99,0.54,0.00,115.08,0.53,28.78,116.71,0.52,0.00,113.56,0.43999999999999995,7.82,113.24,0.36,0.00,119.84,0.56,16.00,116.94,0.47,17.70,127.65,0.43999999999999995,15.50,113.70,0.48,0.00,120.31,0.64,0.00,111.99,0.45999999999999996
1757065184,2025-09-05,02:39:44,0.00,119.74,0.56,8.00,116.99,0.54,0.00,115.08,0.53,28.78,116.71,0.52,0.00,113.56,0.43999999999999995,7.82,113.24,0.36,0.00,119.84,0.56,16.00,116.94,0.47,17.70,127.65,0.43999999999999995,15.50,113.70,0.48,0.00,120.31,0.64,0.00,111.99,0.45999999999999996
1757065486,2025-09-05,02:44:46,0.00,119.74,0.56,8.00,116.99,0.54,0.00,115.08,0.53,28.78,116.71,0.52,0.00,113.56,0.43999999999999995,7.82,113.24,0.36,0.00,119.84,0.56,16.00,116.94,0.47,17.70,127.65,0.43999999999999995,15.50,113.70,0.48,0.00,120.31,0.64,0.00,111.99,0.45999999999999996
1757065788,2025-09-05,02:49:48,0.00,119.74,0.56,8.00,116.99,0.54,0.00,115.08,0.53,28.78,116.71,0.52,0.00,113.56,0.43999999999999995,7.82,113.24,0.36,0.00,119.84,0.56,16.00,116.94,0.47,17.70,127.65,0.43999999999999995,15.50,113.70,0.48,0.00,120.31,0.64,0.00,111.99,0.45999999999999996
1757066090,2025-09-05,02:54:50,0.00,119.74,0.56,8.00,116.99,0.54,0.00,115.08,0.53,28.78,116.71,0.52,0.00,113.56,0.43999999999999995,7.82,113.24,0.36,0.00,119.84,0.56,16.00,116.94,0.47,17.70,127.65,0.43999999999999995,15.50,113.70,0.48,0.00,120.31,0.64,0.00,111.99,0.45999999999999996
1757066392,2025-09-05,02:59:52,0.00,119.74,0.56,8.00,116.99,0.54,0.00,115.08,0.53,28.78,116.71,0.52,0.00,113.56,0.43999999999999995,7.82,113.24,0.36,0.00,119.84,0.56,16.00,116.94,0.47,17.70,127.65,0.43999999999999995,15.50,113.70,0.48,0.00,120.31,0.64,0.00,111.99,0.45999999999999996
1757066695,2025-09-05,03:04:55,0.00,119.74,0.56,8.00,116.99,0.54,0.00,115.08,0.53,28.78,116.71,0.52,0.00,113.56,0.43999999999999995,7.82,113.24,0.36,0.00,119.84,0.56,16.00,116.94,0.47,17.70,127.65,0.43999999999999995,15.50,113.70,0.48,0.00,120.31,0.64,0.00,111.99,0.45999999999999996
1757066997,2025-09-05,03:09:57,0.00,119.74,0.56,8.00,116.99,0.54,0.00,115.08,0.53,28.78,116.71,0.52,0.00,113.56,0.43999999999999995,7.82,113.24,0.36,0.00,119.84,0.56,16.00,116.94,0.47,17.70,127.65,0.43999999999999995,15.50,113.70,0.48,0.00,120.31,0.64,0.00,111.99,0.45999999999999996
1757067299,2025-09-05,03:14:59,0.00,119.74,0.56,8.00,116.99,0.54,0.00,115.08,0.53,28.78,116.71,0.52,0.00,113.56,0.43999999999999995,7.82,113.24,0.36,0.00,119.84,0.56,16.00,116.94,0.47,17.70,127.65,0.43999999999999995,15.50,113.70,0.48,0.00,120.31,0.64,0.00,111.99,0.45999999999999996
1757067601,2025-09-05,03:20:01,0.00,119.74,0.56,8.00,116.99,0.54,0.00,115.08,0.53,28.78,116.71,0.52,0.00,113.56,0.43999999999999995,7.82,113.24,0.36,0.00,119.84,0.56,16.00,116.94,0.47,17.70,127.65,0.43999999999999995,15.50,113.70,0.48,0.00,120.31,0.64,0.00,111.99,0.45999999999999996
1757067903,2025-09-05,03:25:03,0.00,119.74,0.56,8.00,116.99,0.54,0.00,115.08,0.53,28.78,116.71,0.52,0.00,113.56,0.43999999999999995,7.82,113.24,0.36,0.00,119.84,0.56,16.00,116.94,0.47,17.70,127.65,0.43999999999999995,15.50,113.70,0.48,0.00,120.31,0.64,0.00,111.99,0.45999999999999996
1757068205,2025-09-05,03:30:05,0.00,119.74,0.56,8.00,116.99,0.54,0.00,115.08,0.53,28.78,116.71,0.52,0.00,113.56,0.43999999999999995,7.82,113.24,0.36,0.00,119.84,0.56,16.00,116.94,0.47,17.70,127.65,0.43999999999999995,15.50,113.70,0.48,0.00,120.31,0.64,0.00,111.99,0.45999999999999996
1757068507,2025-09-05,03:35:07,0.00,119.74,0.56,8.00,116.99,0.54,0.00,115.08,0.53,28.78,116.71,0.52,0.00,113.56,0.43999999999999995,7.82,113.24,0.36,0.00,119.84,0.56,16.00,116.94,0.47,17.70,127.65,0.43999999999999995,15.50,113.70,0.48,0.00,120.31,0.64,0.00,111.99,0.45999999999999996
1757068811,2025-09-05,03:40:11,0.00,119.74,0.56,8.00,116.99,0.54,0.00,115.08,0.53,28.78,116.71,0.52,0.00,113.56,0.43999999999999995,7.82,113.24,0.36,0.00,119.84,0.56,16.00,116.94,0.47,17.70,127.65,0.43999999999999995,15.50,113.70,0.48,0.00,120.31,0.64,0.00,111.99,0.45999999999999996
1757069114,2025-09-05,03:45:14,0.00,119.74,0.56,8.00,116.99,0.54,0.00,115.08,0.53,28.78,116.71,0.52,0.00,113.56,0.43999999999999995,7.82,113.24,0.36,0.00,119.84,0.56,16.00,116.94,0.47,17.70,127.65,0.43999999999999995,15.50,113.70,0.48,0.00,120.31,0.64,0.00,111.99,0.45999999999999996
1757069416,2025-09-05,03:50:16,0.00,119.74,0.56,8.00,116.99,0.54,0.00,115.08,0.53,28.78,116.71,0.52,0.00,113.56,0.43999999999999995,7.82,113.24,0.36,0.00,119.84,0.56,16.00,116.94,0.47,17.70,127.65,0.43999999999999995,15.50,113.70,0.48,0.00,120.31,0.64,0.00,111.99,0.45999999999999996
1757069719,2025-09-05,03:55:19,0.00,119.74,0.56,8.00,116.99,0.54,0.00,115.08,0.53,28.78,116.71,0.52,0.00,113.56,0.43999999999999995,7.82,113.24,0.36,0.00,119.84,0.56,16.00,116.94,0.47,17.70,127.65,0.43999999999999995,15.50,113.70,0.48,0.00,120.31,0.64,0.00,111.99,0.45999999999999996
1757070022,2025-09-05,04:00:22,0.00,119.74,0.56,8.00,116.99,0.54,0.00,115.08,0.53,28.78,116.71,0.52,0.00,113.56,0.43999999999999995,7.82,113.24,0.36,0.00,119.84,0.56,16.00,116.94,0.47,17.70,127.65,0.43999999999999995,15.50,113.70,0.48,0.00,120.31,0.64,0.00,111.99,0.45999999999999996
1757070324,2025-09-05,04:05:24,0.00,119.74,0.56,8.00,116.99,0.54,0.00,115.08,0.53,28.78,116.71,0.52,0.00,113.56,0.43999999999999995,7.82,113.24,0.36,0.00,119.84,0.56,16.00,116.94,0.47,17.70,127.65,0.43999999999999995,15.50,113.70,0.48,0.00,120.31,0.64,0.00,111.99,0.45999999999999996
1757070626,2025-09-05,04:10:26,0.00,119.74,0.56,8.00,116.99,0.54,0.00,115.08,0.53,28.78,116.71,0.52,0.00,113.56,0.43999999999999995,7.82,113.24,0.36,0.00,119.84,0.56,16.00,116.94,0.47,17.70,127.65,0.43999999999999995,15.50,113.70,0.48,0.00,120.31,0.64,0.00,111.99,0.45999999999999996
1757070928,2025-09-05,04:15:28,0.00,119.74,0.56,8.00,116.99,0.54,0.00,115.08,0.53,28.78,116.71,0.52,0.00,113.56,0.43999999999999995,7.82,113.24,0.36,0.00,119.84,0.56,16.00,116.94,0.47,17.70,127.65,0.43999999999999995,15.50,113.70,0.48,0.00,120.31,0.64,0.00,111.99,0.45999999999999996
1757071231,2025-09-05,04:20:31,0.00,119.74,0.56,8.00,116.99,0.54,0.00,115.08,0.53,28.78,116.71,0.52,0.00,113.56,0.43999999999999995,7.82,113.24,0.36,0.00,119.84,0.56,16.00,116.94,0.47,17.70,127.65,0.43999999999999995,15.50,113.70,0.48,0.00,120.31,0.64,0.00,111.99,0.45999999999999996
1757071533,2025-09-05,04:25:33,0.00,119.74,0.56,8.00,116.99,0.54,0.00,115.08,0.53,28.78,116.71,0.52,0.00,113.56,0.43999999999999995,7.82,113.24,0.36,0.00,119.84,0.56,16.00,116.94,0.47,17.70,127.65,0.43999999999999995,15.50,113.70,0.48,0.00,120.31,0.64,0.00,111.99,0.45999999999999996
1757071835,2025-09-05,04:30:35,0.00,119.74,0.56,8.00,116.99,0.54,0.00,115.08,0.53,28.78,116.71,0.52,0.00,113.56,0.43999999999999995,7.82,113.24,0.36,0.00,119.84,0.56,16.00,116.94,0.47,17.70,127.65,0.43999999999999995,15.50,113.70,0.48,0.00,120.31,0.64,0.00,111.99,0.45999999999999996
1757072137,2025-09-05,04:35:37,0.00,119.74,0.56,8.00,116.99,0.54,0.00,115.08,0.53,28.78,116.71,0.52,0.00,113.56,0.43999999999999995,7.82,113.24,0.36,0.00,119.84,0.56,16.00,116.94,0.47,17.70,127.65,0.43999999999999995,15.50,113.70,0.48,0.00,120.31,0.64,0.00,111.99,0.45999999999999996
1757072440,2025-09-05,04:40:40,0.00,119.74,0.56,8.00,116.99,0.54,0.00,115.08,0.53,28.78,116.71,0.52,0.00,113.56,0.43999999999999995,7.82,113.24,0.36,0.00,119.84,0.56,16.00,116.94,0.47,17.70,127.65,0.43999999999999995,15.50,113.70,0.48,0.00,120.31,0.64,0.00,111.99,0.45999999999999996
1757072743,2025-09-05,04:45:43,0.00,119.74,0.56,8.00,116.99,0.54,0.00,115.08,0.53,28.78,116.71,0.52,0.00,113.56,0.43999999999999995,7.82,113.24,0.36,0.00,119.84,0.56,16.00,116.94,0.47,17.70,127.65,0.43999999999999995,15.50,113.70,0.48,0.00,120.31,0.64,0.00,111.99,0.45999999999999996
1757073045,2025-09-05,04:50:45,0.00,119.74,0.56,8.00,116.99,0.54,0.00,115.08,0.53,28.78,116.71,0.52,0.00,113.56,0.43999999999999995,7.82,113.24,0.36,0.00,119.84,0.56,16.00,116.94,0.47,17.70,127.65,0.43999999999999995,15.50,113.70,0.48,0.00,120.31,0.64,0.00,111.99,0.45999999999999996
1757073347,2025-09-05,04:55:47,0.00,119.74,0.56,8.00,116.99,0.54,0.00,115.08,0.53,28.78,116.71,0.52,0.00,113.56,0.43999999999999995,7.82,113.24,0.36,0.00,119.84,0.56,16.00,116.94,0.47,17.70,127.65,0.43999999999999995,15.50,113.70,0.48,0.00,120.31,0.64,0.00,111.99,0.45999999999999996
1757073649,2025-09-05,05:00:49,0.00,119.74,0.56,8.00,116.99,0.54,0.00,115.08,0.53,28.78,116.71,0.52,0.00,113.56,0.43999999999999995,7.82,113.24,0.36,0.00,119.84,0.56,16.00,116.94,0.47,17.70,127.65,0.43999999999999995,15.50,113.70,0.48,0.00,120.31,0.64,0.00,111.99,0.45999999999999996
1757073951,2025-09-05,05:05:51,0.00,119.74,0.56,8.00,116.99,0.54,0.00,115.08,0.53,28.78,116.71,0.52,0.00,113.56,0.43999999999999995,7.82,113.24,0.36,0.00,119.84,0.56,16.00,116.94,0.47,17.70,127.65,0.43999999999999995,15.50,113.70,0.48,0.00,120.31,0.64,0.00,111.99,0.45999999999999996
1757074253,2025-09-05,05:10:53,0.00,119.74,0.56,8.00,116.99,0.54,0.00,115.08,0.53,28.78,116.71,0.52,0.00,113.56,0.43999999999999995,7.82,113.24,0.36,0.00,119.84,0.56,16.00,116.94,0.47,17.70,127.65,0.43999999999999995,15.50,113.70,0.48,0.00,120.31,0.64,0.00,111.99,0.45999999999999996
1757074555,2025-09-05,05:15:55,0.00,119.74,0.56,8.00,116.99,0.54,0.00,115.08,0.53,28.78,116.71,0.52,0.00,113.56,0.43999999999999995,7.82,113.24,0.36,0.00,119.84,0.56,16.00,116.94,0.47,17.70,127.65,0.43999999999999995,15.50,113.70,0.48,0.00,120.31,0.64,0.00,111.99,0.45999999999999996
1757074857,2025-09-05,05:20:57,0.00,119.74,0.56,8.00,116.99,0.54,0.00,115.08,0.53,28.78,116.71,0.52,0.00,113.56,0.43999999999999995,7.82,113.24,0.36,0.00,119.84,0.56,16.00,116.94,0.47,17.70,127.65,0.43999999999999995,15.50,113.70,0.48,0.00,120.31,0.64,0.00,111.99,0.45999999999999996
1757075159,2025-09-05,05:25:59,0.00,119.74,0.56,8.00,116.99,0.54,0.00,115.08,0.53,28.78,116.71,0.52,0.00,113.56,0.43999999999999995,7.82,113.24,0.36,0.00,119.84,0.56,16.00,116.94,0.47,17.70,127.65,0.43999999999999995,15.50,113.70,0.48,0.00,120.31,0.64,0.00,111.99,0.45999999999999996
1757075462,2025-09-05,05:31:02,0.00,119.74,0.56,8.00,116.99,0.54,0.00,115.08,0.53,28.78,116.71,0.52,0.00,113.56,0.43999999999999995,7.82,113.24,0.36,0.00,119.84,0.56,16.00,116.94,0.47,17.70,127.65,0.43999999999999995,15.50,113.70,0.48,0.00,120.31,0.64,0.00,111.99,0.45999999999999996
1757075764,2025-09-05,05:36:04,0.00,119.74,0.56,8.00,116.99,0.54,0.00,115.08,0.53,28.78,116.71,0.52,0.00,113.56,0.43999999999999995,7.82,113.24,0.36,0.00,119.84,0.56,16.00,116.94,0.47,17.70,127.65,0.43999999999999995,15.50,113.70,0.48,0.00,120.31,0.64,0.00,111.99,0.45999999999999996
1757076067,2025-09-05,05:41:07,0.00,119.74,0.56,8.00,116.99,0.54,0.00,115.08,0.53,28.78,116.71,0.52,0.00,113.56,0.43999999999999995,7.82,113.24,0.36,0.00,119.84,0.56,16.00,116.94,0.47,17.70,127.65,0.43999999999999995,15.50,113.70,0.48,0.00,120.31,0.64,0.00,111.99,0.45999999999999996
1757076370,2025-09-05,05:46:10,0.00,119.74,0.56,8.00,116.99,0.54,0.00,115.08,0.53,28.78,116.71,0.52,0.00,113.56,0.43999999999999995,7.82,113.24,0.36,0.00,119.84,0.56,16.00,116.94,0.47,17.70,127.65,0.43999999999999995,15.50,113.70,0.48,0.00,120.31,0.64,0.00,111.99,0.45999999999999996
1757076672,2025-09-05,05:51:12,0.00,119.74,0.56,8.00,116.99,0.54,0.00,115.08,0.53,28.78,116.71,0.52,0.00,113.56,0.43999999999999995,7.82,113.24,0.36,0.00,119.84,0.56,16.00,116.94,0.47,17.70,127.65,0.43999999999999995,15.50,113.70,0.48,0.00,120.31,0.64,0.00,111.99,0.45999999999999996
1757076975,2025-09-05,05:56:15,0.00,119.74,0.56,8.00,116.99,0.54,0.00,115.08,0.53,28.78,116.71,0.52,0.00,113.56,0.43999999999999995,7.82,113.24,0.36,0.00,119.84,0.56,16.00,116.94,0.47,17.70,127.65,0.43999999999999995,15.50,113.70,0.48,0.00,120.31,0.64,0.00,111.99,0.45999999999999996
1757077277,2025-09-05,06:01:17,0.00,119.74,0.56,8.00,116.99,0.54,0.00,115.08,0.53,28.78,116.71,0.52,0.00,113.56,0.43999999999999995,7.82,113.24,0.36,0.00,119.84,0.56,16.00,116.94,0.47,17.70,127.65,0.43999999999999995,15.50,113.70,0.48,0.00,120.31,0.64,0.00,111.99,0.45999999999999996
1757077579,2025-09-05,06:06:19,0.00,119.74,0.56,8.00,116.99,0.54,0.00,115.08,0.53,28.78,116.71,0.52,0.00,113.56,0.43999999999999995,7.82,113.24,0.36,0.00,119.84,0.56,16.00,116.94,0.47,17.70,127.65,0.43999999999999995,15.50,113.70,0.48,0.00,120.31,0.64,0.00,111.99,0.45999999999999996
1757077881,2025-09-05,06:11:21,0.00,119.74,0.56,8.00,116.99,0.54,0.00,115.08,0.53,28.78,116.71,0.52,0.00,113.56,0.43999999999999995,7.82,113.24,0.36,0.00,119.84,0.56,16.00,116.94,0.47,17.70,127.65,0.43999999999999995,15.50,113.70,0.48,0.00,120.31,0.64,0.00,111.99,0.45999999999999996
1757078184,2025-09-05,06:16:24,0.00,119.74,0.56,8.00,116.99,0.54,0.00,115.08,0.53,28.78,116.71,0.52,0.00,113.56,0.43999999999999995,7.82,113.24,0.36,0.00,119.84,0.56,16.00,116.94,0.47,17.70,127.65,0.43999999999999995,15.50,113.70,0.48,0.00,120.31,0.64,0.00,111.99,0.45999999999999996
1757078486,2025-09-05,06:21:26,0.00,119.74,0.56,8.00,116.99,0.54,0.00,115.08,0.53,28.78,116.71,0.52,0.00,113.56,0.43999999999999995,7.82,113.24,0.36,0.00,119.84,0.56,16.00,116.94,0.47,17.70,127.65,0.43999999999999995,15.50,113.70,0.48,0.00,120.31,0.64,0.00,111.99,0.45999999999999996
1757078788,2025-09-05,06:26:28,0.00,119.74,0.56,8.00,116.99,0.54,0.00,115.08,0.53,28.78,116.71,0.52,0.00,113.56,0.43999999999999995,7.82,113.24,0.36,0.00,119.84,0.56,16.00,116.94,0.47,17.70,127.65,0.43999999999999995,15.50,113.70,0.48,0.00,120.31,0.64,0.00,111.99,0.45999999999999996
1757079091,2025-09-05,06:31:31,0.00,119.74,0.56,8.00,116.99,0.54,0.00,115.08,0.53,28.78,116.71,0.52,0.00,113.56,0.43999999999999995,7.82,113.24,0.36,0.00,119.84,0.56,16.00,116.94,0.47,17.70,127.65,0.43999999999999995,15.50,113.70,0.48,0.00,120.31,0.64,0.00,111.99,0.45999999999999996
1757079393,2025-09-05,06:36:33,0.00,119.74,0.56,8.00,116.99,0.54,0.00,115.08,0.53,28.78,116.71,0.52,0.00,113.56,0.43999999999999995,7.82,113.24,0.36,0.00,119.84,0.56,16.00,116.94,0.47,17.70,127.65,0.43999999999999995,15.50,113.70,0.48,0.00,120.31,0.64,0.00,111.99,0.45999999999999996
1757079696,2025-09-05,06:41:36,0.00,119.74,0.56,8.00,116.99,0.54,0.00,115.08,0.53,28.78,116.71,0.52,0.00,113.56,0.43999999999999995,7.82,113.24,0.36,0.00,119.84,0.56,16.00,116.94,0.47,17.70,127.65,0.43999999999999995,15.50,113.70,0.48,0.00,120.31,0.64,0.00,111.99,0.45999999999999996
1757079998,2025-09-05,06:46:38,0.00,119.74,0.56,8.00,116.99,0.54,0.00,115.08,0.53,28.78,116.71,0.52,0.00,113.56,0.43999999999999995,7.82,113.24,0.36,0.00,119.84,0.56,16.00,116.94,0.47,17.70,127.65,0.43999999999999995,15.50,113.70,0.48,0.00,120.31,0.64,0.00,111.99,0.45999999999999996
1757080300,2025-09-05,06:51:40,0.00,119.74,0.56,8.00,116.99,0.54,0.00,115.08,0.53,28.78,116.71,0.52,0.00,113.56,0.43999999999999995,7.82,113.24,0.36,0.00,119.84,0.56,16.00,116.94,0.47,17.70,127.65,0.43999999999999995,15.50,113.70,0.48,0.00,120.31,0.64,0.00,111.99,0.45999999999999996
1757080602,2025-09-05,06:56:42,0.00,119.74,0.56,8.00,116.99,0.54,0.00,115.08,0.53,28.78,116.71,0.52,0.00,113.56,0.43999999999999995,7.82,113.24,0.36,0.00,119.84,0.56,16.00,116.94,0.47,17.70,127.65,0.43999999999999995,15.50,113.70,0.48,0.00,120.31,0.64,0.00,111.99,0.45999999999999996
1757080905,2025-09-05,07:01:45,0.00,119.74,0.56,8.00,116.99,0.54,0.00,115.08,0.53,28.78,116.71,0.52,0.00,113.56,0.43999999999999995,7.82,113.24,0.36,0.00,119.84,0.56,16.00,116.94,0.47,17.70,127.65,0.43999999999999995,15.50,113.70,0.48,0.00,120.31,0.64,0.00,111.99,0.45999999999999996
1757081207,2025-09-05,07:06:47,0.00,119.74,0.56,8.00,116.99,0.54,0.00,115.08,0.53,28.78,116.71,0.52,0.00,113.56,0.43999999999999995,7.82,113.24,0.36,0.00,119.84,0.56,16.00,116.94,0.47,17.70,127.65,0.43999999999999995,15.50,113.70,0.48,0.00,120.31,0.64,0.00,111.99,0.45999999999999996
1757081509,2025-09-05,07:11:49,0.00,119.74,0.56,8.00,116.99,0.54,0.00,115.08,0.53,28.78,116.71,0.52,0.00,113.56,0.43999999999999995,7.82,113.24,0.36,0.00,119.84,0.56,16.00,116.94,0.47,17.70,127.65,0.43999999999999995,15.50,113.70,0.48,0.00,120.31,0.64,0.00,111.99,0.45999999999999996
1757081812,2025-09-05,07:16:52,0.00,119.74,0.56,8.00,116.99,0.54,0.00,115.08,0.53,28.78,116.71,0.52,0.00,113.56,0.43999999999999995,7.82,113.24,0.36,0.00,119.84,0.56,16.00,116.94,0.47,17.70,127.65,0.43999999999999995,15.50,113.70,0.48,0.00,120.31,0.64,0.00,111.99,0.45999999999999996
1757082114,2025-09-05,07:21:54,0.00,119.74,0.56,8.00,116.99,0.54,0.00,115.08,0.53,28.78,116.71,0.52,0.00,113.56,0.43999999999999995,7.82,113.24,0.36,0.00,119.84,0.56,16.00,116.94,0.47,17.70,127.65,0.43999999999999995,15.50,113.70,0.48,0.00,120.31,0.64,0.00,111.99,0.45999999999999996
1757082416,2025-09-05,07:26:56,0.00,119.74,0.56,8.00,116.99,0.54,0.00,115.08,0.53,28.78,116.71,0.52,0.00,113.56,0.43999999999999995,7.82,113.24,0.36,0.00,119.84,0.56,16.00,116.94,0.47,17.70,127.65,0.43999999999999995,15.50,113.70,0.48,0.00,120.31,0.64,0.00,111.99,0.45999999999999996
1757082719,2025-09-05,07:31:59,0.00,119.74,0.56,8.00,116.99,0.54,0.00,115.08,0.53,28.78,116.71,0.52,0.00,113.56,0.43999999999999995,7.82,113.24,0.36,0.00,119.84,0.56,16.00,116.94,0.47,17.70,127.65,0.43999999999999995,15.50,113.70,0.48,0.00,120.31,0.64,0.00,111.99,0.45999999999999996
1757083021,2025-09-05,07:37:01,0.00,119.74,0.56,8.00,116.99,0.54,0.00,115.08,0.53,28.78,116.71,0.52,0.00,113.56,0.43999999999999995,7.82,113.24,0.36,0.00,119.84,0.56,16.00,116.94,0.47,17.70,127.65,0.43999999999999995,15.50,113.70,0.48,0.00,120.31,0.64,0.00,111.99,0.45999999999999996
1757083332,2025-09-05,07:42:12,0.00,119.74,0.56,8.00,116.99,0.54,0.00,115.08,0.53,28.78,116.71,0.52,0.00,113.56,0.43999999999999995,7.82,113.24,0.36,0.00,119.84,0.56,16.00,116.94,0.47,17.70,127.65,0.43999999999999995,15.50,113.70,0.48,0.00,120.31,0.64,0.00,111.99,0.45999999999999996
1757083634,2025-09-05,07:47:14,0.00,119.74,0.56,8.00,116.99,0.54,0.00,115.08,0.53,28.78,116.71,0.52,0.00,113.56,0.43999999999999995,7.82,113.24,0.36,0.00,119.84,0.56,16.00,116.94,0.47,17.70,127.65,0.43999999999999995,15.50,113.70,0.48,0.00,120.31,0.64,0.00,111.99,0.45999999999999996
1757083936,2025-09-05,07:52:16,0.00,119.74,0.56,8.00,116.99,0.54,0.00,115.08,0.53,28.78,116.71,0.52,0.00,113.56,0.43999999999999995,7.82,113.24,0.36,0.00,119.84,0.56,16.00,116.94,0.47,17.70,127.65,0.43999999999999995,15.50,113.70,0.48,0.00,120.31,0.64,0.00,111.99,0.45999999999999996
1757084238,2025-09-05,07:57:18,0.00,119.74,0.56,8.00,116.99,0.54,0.00,115.08,0.53,28.78,116.71,0.52,0.00,113.56,0.43999999999999995,7.82,113.24,0.36,0.00,119.84,0.56,16.00,116.94,0.47,17.70,127.65,0.43999999999999995,15.50,113.70,0.48,0.00,120.31,0.64,0.00,111.99,0.45999999999999996
1757084541,2025-09-05,08:02:21,0.00,119.67,0.56,8.00,116.82,0.54,0.00,114.72,0.53,28.78,116.69,0.52,0.00,113.55,0.43999999999999995,7.82,113.38,0.36,0.00,120.00,0.56,16.00,116.91,0.47,17.70,127.52,0.43999999999999995,15.50,113.43,0.48,0.00,120.51,0.64,0.00,112.01,0.45999999999999996
1757084843,2025-09-05,08:07:23,0.00,119.67,0.56,8.00,116.82,0.54,0.00,114.72,0.53,28.78,116.69,0.52,0.00,113.55,0.43999999999999995,7.82,113.38,0.36,0.00,120.00,0.56,16.00,116.91,0.47,17.70,127.52,0.43999999999999995,15.50,113.43,0.48,0.00,120.51,0.64,0.00,112.01,0.45999999999999996
1757085145,2025-09-05,08:12:25,0.00,119.67,0.56,8.00,116.82,0.54,0.00,114.72,0.53,28.78,116.69,0.52,0.00,113.55,0.43999999999999995,7.82,113.38,0.36,0.00,120.00,0.56,16.00,116.91,0.47,17.70,127.52,0.43999999999999995,15.50,113.43,0.48,0.00,120.51,0.64,0.00,112.01,0.45999999999999996
1757085448,2025-09-05,08:17:28,0.00,119.67,0.56,8.00,116.82,0.54,0.00,114.72,0.53,28.78,116.69,0.52,0.00,113.55,0.43999999999999995,7.82,113.38,0.36,0.00,120.00,0.56,16.00,116.91,0.47,17.70,127.52,0.43999999999999995,15.50,113.43,0.48,0.00,120.51,0.64,0.00,112.01,0.45999999999999996
1757085750,2025-09-05,08:22:30,0.00,119.67,0.56,8.00,116.82,0.54,0.00,114.72,0.53,28.78,116.69,0.52,0.00,113.55,0.43999999999999995,7.82,113.38,0.36,0.00,120.00,0.56,16.00,116.91,0.47,17.70,127.52,0.43999999999999995,15.50,113.43,0.48,0.00,120.51,0.64,0.00,112.01,0.45999999999999996
1757086054,2025-09-05,08:27:34,0.00,119.67,0.56,8.00,116.82,0.54,0.00,114.72,0.53,28.78,116.69,0.52,0.00,113.55,0.43999999999999995,7.82,113.38,0.36,0.00,120.00,0.56,16.00,116.91,0.47,17.70,127.52,0.43999999999999995,15.50,113.43,0.48,0.00,120.51,0.64,0.00,112.01,0.45999999999999996
1757086356,2025-09-05,08:32:36,0.00,119.67,0.56,8.00,116.82,0.54,0.00,114.72,0.53,28.78,116.69,0.52,0.00,113.55,0.43999999999999995,7.82,113.38,0.36,0.00,120.00,0.56,16.00,116.91,0.47,17.70,127.52,0.43999999999999995,15.50,113.43,0.48,0.00,120.51,0.64,0.00,112.01,0.45999999999999996
1757086658,2025-09-05,08:37:38,0.00,119.67,0.56,8.00,116.82,0.54,0.00,114.72,0.53,28.78,116.69,0.52,0.00,113.55,0.43999999999999995,7.82,113.38,0.36,0.00,120.00,0.56,16.00,116.91,0.47,17.70,127.52,0.43999999999999995,15.50,113.43,0.48,0.00,120.51,0.64,0.00,112.01,0.45999999999999996
1757086961,2025-09-05,08:42:41,0.00,119.67,0.56,8.00,116.82,0.54,0.00,114.72,0.53,28.78,116.69,0.52,0.00,113.55,0.43999999999999995,7.82,113.38,0.36,0.00,120.00,0.56,16.00,116.91,0.47,17.70,127.52,0.43999999999999995,15.50,113.43,0.48,0.00,120.51,0.64,0.00,112.01,0.45999999999999996
1757087263,2025-09-05,08:47:43,0.00,119.67,0.56,8.00,116.82,0.54,0.00,114.72,0.53,28.78,116.69,0.52,0.00,113.55,0.43999999999999995,7.82,113.38,0.36,0.00,120.00,0.56,16.00,116.91,0.47,17.70,127.52,0.43999999999999995,15.50,113.43,0.48,0.00,120.51,0.64,0.00,112.01,0.45999999999999996
1757117509,2025-09-05,17:11:49,0.00,120.29,0.56,8.00,116.79,0.54,0.00,114.48,0.52,28.78,116.72,0.52,0.00,113.49,0.43999999999999995,7.82,113.37,0.36,0.00,120.10,0.56,16.00,116.88,0.48,17.70,127.42,0.43999999999999995,15.50,113.40,0.48,0.00,120.46,0.64,0.00,111.89,0.45999999999999996
1757117811,2025-09-05,17:16:51,0.00,120.29,0.56,8.00,116.79,0.54,0.00,114.48,0.54,28.78,116.72,0.52,0.00,113.49,0.43999999999999995,9.22,113.37,0.36,2.28,120.10,0.59,16.00,116.88,0.45999999999999996,17.70,127.42,0.41000000000000003,15.50,113.40,0.48,0.00,120.46,0.64,10.00,111.89,0.45999999999999996
1757118114,2025-09-05,17:21:54,0.00,120.29,0.56,8.00,116.79,0.58,0.00,114.48,0.55,29.88,116.72,0.52,0.00,113.49,0.43999999999999995,9.22,113.37,0.36,6.48,120.10,0.62,16.00,116.88,0.44999999999999996,18.70,127.42,0.38,15.50,113.40,0.48,0.00,120.46,0.64,6.00,111.89,0.42000000000000004
1757118416,2025-09-05,17:26:56,0.00,120.29,0.56,8.00,116.79,0.58,0.00,114.48,0.54,29.88,116.72,0.52,0.00,113.49,0.43999999999999995,9.22,113.37,0.36,6.48,120.10,0.6,17.50,116.88,0.45999999999999996,20.20,127.42,0.4,15.50,113.40,0.48,0.00,120.46,0.64,6.00,111.89,0.42000000000000004
1757118718,2025-09-05,17:31:58,0.00,120.29,0.56,8.00,116.79,0.58,0.00,114.48,0.54,29.88,116.72,0.52,0.00,113.49,0.43999999999999995,9.22,113.37,0.35,6.48,120.10,0.6,17.74,116.88,0.45999999999999996,20.20,127.42,0.4,15.50,113.40,0.48,0.00,120.46,0.65,6.00,111.89,0.42000000000000004
1757119020,2025-09-05,17:37:00,0.00,120.29,0.56,8.00,116.79,0.58,0.00,114.48,0.55,29.88,116.72,0.51,0.00,113.49,0.43999999999999995,10.52,113.37,0.36,6.80,120.10,0.61,17.74,116.88,0.44999999999999996,20.20,127.42,0.39,15.50,113.40,0.49,0.00,120.46,0.64,6.00,111.89,0.42000000000000004
1757119322,2025-09-05,17:42:02,0.00,120.29,0.56,8.00,116.79,0.58,0.00,114.48,0.55,29.88,116.72,0.51,0.00,113.49,0.43999999999999995,10.52,113.37,0.36,8.12,120.10,0.62,17.74,116.88,0.44999999999999996,20.20,127.42,0.38,15.50,113.40,0.49,0.00,120.46,0.64,6.00,111.89,0.42000000000000004
1757119624,2025-09-05,17:47:04,0.00,120.29,0.56,8.00,116.79,0.58,0.00,114.48,0.56,30.98,116.72,0.52,0.00,113.49,0.43999999999999995,10.52,113.37,0.35,9.32,120.10,0.64,17.74,116.88,0.43999999999999995,20.20,127.42,0.36,15.50,113.40,0.48,0.00,120.46,0.65,6.00,111.89,0.42000000000000004
1757119926,2025-09-05,17:52:06,0.00,120.29,0.56,8.00,116.79,0.58,0.00,114.48,0.56,30.98,116.72,0.52,0.00,113.49,0.43999999999999995,10.52,113.37,0.35,9.88,120.10,0.65,17.74,116.88,0.43999999999999995,20.20,127.42,0.35,15.50,113.40,0.48,0.00,120.46,0.65,6.00,111.89,0.42000000000000004
1757120229,2025-09-05,17:57:09,0.00,120.29,0.56,8.00,116.79,0.58,0.00,114.48,0.5700000000000001,30.98,116.72,0.51,0.00,113.49,0.43999999999999995,10.52,113.37,0.35,9.88,120.10,0.62,17.98,116.88,0.42999999999999994,23.20,127.42,0.38,15.50,113.40,0.49,0.00,120.46,0.65,6.00,111.89,0.42000000000000004
1757120532,2025-09-05,18:02:12,0.00,120.29,0.56,8.00,116.79,0.58,0.00,114.48,0.5700000000000001,30.98,116.72,0.5,0.00,113.49,0.43999999999999995,10.52,113.37,0.33999999999999997,9.88,120.10,0.61,18.86,116.88,0.42999999999999994,23.20,127.42,0.39,15.50,113.40,0.5,0.00,120.46,0.66,6.00,111.89,0.42000000000000004
1757120838,2025-09-05,18:07:18,0.00,120.29,0.56,8.00,116.79,0.58,0.00,114.48,0.5700000000000001,30.98,116.72,0.5,0.00,113.49,0.43999999999999995,10.52,113.37,0.32999999999999996,9.88,120.10,0.61,19.78,116.88,0.42999999999999994,23.20,127.42,0.39,15.50,113.40,0.5,0.00,120.46,0.67,6.00,111.89,0.42000000000000004
1757121140,2025-09-05,18:12:20,0.00,120.29,0.56,8.00,116.79,0.58,3.00,114.48,0.61,31.28,116.72,0.5,0.00,113.49,0.43999999999999995,10.52,113.37,0.32999999999999996,9.88,120.10,0.61,19.78,116.88,0.39,23.20,127.42,0.39,15.50,113.40,0.5,0.00,120.46,0.67,6.00,111.89,0.42000000000000004
1757121442,2025-09-05,18:17:22,0.00,120.29,0.56,8.00,116.79,0.58,3.00,114.48,0.62,31.18,116.72,0.49,0.00,113.49,0.43999999999999995,14.72,113.37,0.36,11.16,120.10,0.63,19.78,116.88,0.38,23.20,127.42,0.37,15.50,113.40,0.51,0.00,120.46,0.64,6.00,111.89,0.42000000000000004
1757121744,2025-09-05,18:22:24,0.00,120.29,0.56,8.00,116.79,0.58,3.00,114.48,0.62,31.08,116.72,0.49,0.00,113.49,0.43999999999999995,14.72,113.37,0.36,11.84,120.10,0.64,19.78,116.88,0.38,23.20,127.42,0.36,15.50,113.40,0.51,0.00,120.46,0.64,6.00,111.89,0.42000000000000004
1757122046,2025-09-05,18:27:26,0.00,120.29,0.56,8.00,116.79,0.58,3.00,114.48,0.62,31.88,116.72,0.5,0.00,113.49,0.43999999999999995,14.72,113.37,0.36,11.84,120.10,0.61,19.78,116.88,0.38,26.20,127.42,0.39,15.50,113.40,0.5,0.00,120.46,0.64,6.00,111.89,0.42000000000000004
1757122349,2025-09-05,18:32:29,0.00,120.29,0.56,8.00,116.79,0.58,8.00,114.48,0.66,31.88,116.72,0.5,0.00,113.49,0.43999999999999995,14.72,113.37,0.36,11.84,120.10,0.61,21.42,116.88,0.33999999999999997,26.20,127.42,0.39,15.50,113.40,0.5,0.00,120.46,0.64,6.00,111.89,0.42000000000000004
1757122651,2025-09-05,18:37:31,0.00,120.29,0.56,8.00,116.79,0.58,8.00,114.48,0.66,31.88,116.72,0.5,0.00,113.49,0.43999999999999995,14.72,113.37,0.36,11.84,120.10,0.61,21.42,116.88,0.33999999999999997,26.20,127.42,0.39,15.50,113.40,0.5,0.00,120.46,0.64,6.00,111.89,0.42000000000000004
1757122954,2025-09-05,18:42:34,0.00,120.29,0.56,8.00,116.79,0.58,8.00,114.48,0.66,31.88,116.72,0.5,0.00,113.49,0.43999999999999995,14.72,113.37,0.36,11.84,120.10,0.61,21.42,116.88,0.33999999999999997,26.20,127.42,0.39,15.50,113.40,0.5,0.00,120.46,0.64,6.00,111.89,0.42000000000000004
1757123256,2025-09-05,18:47:36,0.00,120.29,0.56,8.00,116.79,0.58,8.00,114.48,0.66,31.88,116.72,0.5,0.00,113.49,0.43999999999999995,14.72,113.37,0.36,11.84,120.10,0.61,21.42,116.88,0.33999999999999997,26.20,127.42,0.39,15.50,113.40,0.5,0.00,120.46,0.64,6.00,111.89,0.42000000000000004
1757123558,2025-09-05,18:52:38,0.00,120.29,0.56,8.00,116.79,0.58,8.00,114.48,0.66,31.88,116.72,0.5,0.00,113.49,0.43999999999999995,14.72,113.37,0.36,11.84,120.10,0.61,21.42,116.88,0.33999999999999997,26.20,127.42,0.39,15.50,113.40,0.5,0.00,120.46,0.64,6.00,111.89,0.42000000000000004
1757123860,2025-09-05,18:57:40,0.00,120.29,0.56,8.00,116.79,0.58,8.00,114.48,0.66,31.98,116.72,0.5,0.00,113.49,0.43999999999999995,14.72,113.37,0.36,11.84,120.10,0.61,21.42,116.88,0.33999999999999997,26.20,127.42,0.39,15.50,113.40,0.5,0.00,120.46,0.64,6.00,111.89,0.42000000000000004
1757124162,2025-09-05,19:02:42,0.00,120.29,0.56,8.00,116.79,0.58,8.00,114.48,0.65,31.98,116.72,0.49,0.00,113.49,0.43999999999999995,14.72,113.37,0.35,11.84,120.10,0.61,23.88,116.88,0.35,26.20,127.42,0.39,15.50,113.40,0.51,0.00,120.46,0.65,6.00,111.89,0.42000000000000004
1757124464,2025-09-05,19:07:44,0.00,120.29,0.56,8.00,116.79,0.58,8.00,114.48,0.5700000000000001,31.98,116.72,0.48,0.00,113.49,0.43999999999999995,14.72,113.37,0.33999999999999997,11.84,120.10,0.61,32.84,116.88,0.42999999999999994,26.20,127.42,0.39,15.50,113.40,0.52,0.00,120.46,0.66,6.00,111.89,0.42000000000000004
1757124767,2025-09-05,19:12:47,0.00,120.29,0.56,8.00,116.79,0.56,7.00,114.48,0.56,31.98,116.72,0.48,0.00,113.49,0.43999999999999995,14.72,113.37,0.33999999999999997,11.84,120.10,0.61,32.84,116.88,0.43999999999999995,26.20,127.42,0.39,15.50,113.40,0.52,0.00,120.46,0.66,8.00,111.89,0.43999999999999995
1757125070,2025-09-05,19:17:50,0.00,120.29,0.56,8.00,116.79,0.56,7.00,114.48,0.5700000000000001,32.38,116.72,0.48,0.00,113.49,0.43999999999999995,14.72,113.37,0.33999999999999997,13.10,120.10,0.62,32.84,116.88,0.42999999999999994,26.20,127.42,0.38,15.50,113.40,0.52,0.00,120.46,0.66,8.00,111.89,0.43999999999999995
1757125373,2025-09-05,19:22:53,0.00,120.29,0.56,8.00,116.79,0.56,7.00,114.48,0.59,33.58,116.72,0.49,0.00,113.49,0.43999999999999995,16.82,113.37,0.35,14.34,120.10,0.64,32.84,116.88,0.41000000000000003,26.20,127.42,0.36,15.50,113.40,0.51,0.00,120.46,0.65,8.00,111.89,0.43999999999999995
1757125675,2025-09-05,19:27:55,0.00,120.29,0.56,8.00,116.79,0.59,7.00,114.48,0.59,33.58,116.72,0.49,0.00,113.49,0.43999999999999995,16.82,113.37,0.35,18.78,120.10,0.67,32.84,116.88,0.41000000000000003,27.20,127.42,0.32999999999999996,15.50,113.40,0.51,0.00,120.46,0.65,5.00,111.89,0.41000000000000003
1757125977,2025-09-05,19:32:57,0.00,120.29,0.56,8.00,116.79,0.59,7.00,114.48,0.59,33.58,116.72,0.48,0.00,113.49,0.43999999999999995,16.82,113.37,0.33999999999999997,18.78,120.10,0.67,33.32,116.88,0.41000000000000003,27.20,127.42,0.32999999999999996,15.50,113.40,0.52,0.00,120.46,0.66,5.00,111.89,0.41000000000000003
1757126281,2025-09-05,19:38:01,0.00,120.29,0.56,8.00,116.79,0.59,7.00,114.48,0.53,33.58,116.72,0.48,0.00,113.49,0.43999999999999995,16.82,113.37,0.33999999999999997,18.78,120.10,0.5700000000000001,39.46,116.88,0.47,37.40,127.42,0.42999999999999994,15.50,113.40,0.52,0.00,120.46,0.66,5.00,111.89,0.41000000000000003
1757126584,2025-09-05,19:43:04,0.00,120.29,0.56,8.00,116.79,0.59,7.00,114.48,0.54,34.68,116.72,0.48,0.00,113.49,0.43999999999999995,16.82,113.37,0.32999999999999996,19.74,120.10,0.58,39.46,116.88,0.45999999999999996,37.40,127.42,0.42000000000000004,15.50,113.40,0.52,0.00,120.46,0.67,5.00,111.89,0.41000000000000003
1757126886,2025-09-05,19:48:06,0.00,120.29,0.56,8.00,116.79,0.6,7.00,114.48,0.56,35.78,116.72,0.49,0.00,113.49,0.43999999999999995,18.22,113.37,0.33999999999999997,26.70,120.10,0.64,39.46,116.88,0.43999999999999995,38.40,127.42,0.36,15.50,113.40,0.51,0.00,120.46,0.66,4.00,111.89,0.4
1757127188,2025-09-05,19:53:08,0.00,120.29,0.56,8.00,116.79,0.6,7.00,114.48,0.56,35.78,116.72,0.49,0.00,113.49,0.43999999999999995,18.22,113.37,0.33999999999999997,26.70,120.10,0.64,39.46,116.88,0.43999999999999995,38.40,127.42,0.36,15.50,113.40,0.51,0.00,120.46,0.66,4.00,111.89,0.4
1757127491,2025-09-05,19:58:11,0.00,120.29,0.56,8.00,116.79,0.6,7.00,114.48,0.54,35.78,116.72,0.48,0.00,113.49,0.43999999999999995,18.22,113.37,0.32999999999999996,26.70,120.10,0.64,42.02,116.88,0.45999999999999996,38.40,127.42,0.36,15.50,113.40,0.52,0.00,120.46,0.67,4.00,111.89,0.4
1757127793,2025-09-05,20:03:13,0.00,120.29,0.56,8.00,116.79,0.6,10.00,114.48,0.5700000000000001,35.78,116.72,0.48,0.00,113.49,0.43999999999999995,18.22,113.37,0.32999999999999996,26.70,120.10,0.64,42.02,116.88,0.42999999999999994,38.40,127.42,0.36,15.50,113.40,0.52,0.00,120.46,0.67,4.00,111.89,0.4
1757128095,2025-09-05,20:08:15,0.00,120.29,0.56,8.00,116.79,0.58,10.00,114.48,0.58,35.88,116.72,0.48,0.00,113.49,0.43999999999999995,18.22,113.37,0.32999999999999996,29.32,120.10,0.67,42.02,116.88,0.42000000000000004,38.40,127.42,0.32999999999999996,15.50,113.40,0.52,0.00,120.46,0.67,6.00,111.89,0.42000000000000004
